Naam;Eiwit (g) per 100 gram;Energie (kcal) per 100 gram;1 VSE;Hoeveelheid gram/ml;Eiwit (g) per VSE;Energie (kcal) per VSE;Kleurgroep;Productgroep
Zuigelingenvoeding nr 1 (lees pak!);1,4;67;100 ml;100 gram;1,4;67;oranje;Zuigelingenvoeding
Vruchtentaart van biscuitdeeg m slagr;3,1;228;1 punt;100 gram;3,1;228;oranje;Gebak en koek
Vegan Zeastar Zalmon Sashimi;0,2;58;1 portie;115 gram;0,2;67;groen;Vegetarische producten
Smarties mini (1 doosje= 14 g);5,3;478;1 doosje;14 gram;0,7;67;oranje;Snoep, suiker, zoete sauzen
Eiwitarme chocolade (Metax);1,5;610;1 stukje;5 gram;0,1;31;oranje;Chocola
Sausage mix, eiwitarm (Promin) bereid;0,9;148;1 portie;80 gram;0,7;118;oranje;Vlees en vleeswaren
Rijstdrink nat. (< 0,3 g E/ 100 g: lees pak!);0,3;53;1 pakje;200 ml;0,6;106;groen;Melk/yoghurtdrank
Plantaardige topping ;0,5;254;1 eetlepel;10 gram;0,1;25;groen;Melkproducten- Room
Ontbijtfantasie, eiwitarm (Loprofin);0,3;359;1 portie;30 gram;0,1;108;groen;Graanproducten, pappen en bindmiddelen
Mini Crackers eiwitarm (Prov. Kr) Vitaflo;0,5;444;1 zakje;40 gram;0,2;178;groen;Brood en crackers
Kokosdrink naturel (Alpro, AH, Melkan);0,1;24;1 glas;200 ml;0,2;48;groen;Melk/yoghurtdrank
Kaasvervanger, vegan (lees pak!);0,2;270;1 voor 1 snee;20 gram;0;54;groen;Kaas
Groentespread tom/papr/spin (Zonnatura);4,6;210;1 voor 1 snee;15 gram;0,7;32;oranje;Broodbeleg, hartig
Griesmeel (onbereid);11;337;1 eetlepel;10 gram;1,1;34;oranje;Graanproducten, pappen en bindmiddelen
Glutenvrije pasta Schär, onb (lees pak!);9;358;100 gram;100 gram;9;358;rood;Graanproducten, pappen en bindmiddelen
Glutenvrij meergr. brood- gem (lees pak!);5;236;1 snee;35 gram;1,8;83;oranje;Brood en crackers
Glutenvrij brood bruin/wit- gem (lees pak!);4,1;209;1 snee;35 gram;1,4;73;oranje;Brood en crackers
Zoute krakelingen, glutenvrij (Schär);0,9;482;1 zakje;60 gram;0,5;289;oranje;Snacks
Gevulde speculaas (st. 3x3x3 cm);7,3;436;1 stukje;24 gram;1,7;105;oranje;Gebak en koek
Evergreen, appel/ bosvr. (Liga);6,4;387;1 stuk;21 gram;1,3;81;oranje;Gebak en koek
Drinkontbijt, Brinta Wake Up nat.;5,7;350;1 zakje;23 gram;1,3;81;oranje;Graanproducten, pappen en bindmiddelen
Danoontje Vegan knijp'yoghurt';1,1;73;1 portie;90 gram;1;66;oranje;Melkproducten- Nagerechten
Couscous, eiwitarm (Promin) onbereid;0,1;353;100 gram;100 gram;0,1;353;groen;Graanproducten, pappen en bindmiddelen
Choc reep Vegan Hema 'melk';1,7;544;1 halve;45 gram;0,8;245;oranje;Chocola
Choc reep Vegan Hema 'caramel z-zout';1,6;533;1 halve;45 gram;0,7;240;oranje;Chocola
Cheesy krauter (Metax) smeerkaas eiwitarm;4;331;1 voor 1 snee;15 gram;0,6;50;oranje;Kaas
Cheesy mild (Metax) smeerkaas eiwitarm;4,4;364;1 voor 1 snee;15 gram;0,7;55;oranje;Kaas
Brood, eiwitarm (wit / bruin);0,5;246;1 snee;30 gram;0,2;74;groen;Brood en crackers
Aardappel-peper mltd-salade (Johma);1,6;204;1 bolletje;50 gram;0,8;102;oranje;Salades
Mihoen rijstmie (gek);1,8;103;100 gram;100 gram;1,8;103;oranje;Graanproducten, pappen en bindmiddelen
Mihoen rijstmie, gem (rauw);7,1;375;100 gram;100 gram;7,1;375;rood;Graanproducten, pappen en bindmiddelen
Ketjap, zout;2,8;211;1 theelepel;5 gram;0,1;11;oranje;Vetten, oliën en hartige sauzen
Ketjap, zoet;3,5;234;1 theelepel;5 gram;0,2;12;oranje;Vetten, oliën en hartige sauzen
Limonadesiroop voor 1 glas;0;233;30 ml;30 gram;0;70;groen;Dranken
Perzik (zonder schil);1;41;1 stuk;110 gram;1,1;45;groen;Fruit
Zonnebloempitten;18;647;1 eetlepel;15 gram;2,7;97;rood;Noten, zaden en chips
Knijpfruit 6+/12+ mnd - lees pak;0,6;60;1 zakje;90 gram;0,5;54;groen;Fruit
Cracker, glutenvrij (classic) Wasa;4;395;1 stuk;13 gram;0,5;51;oranje;Brood en crackers
Maiswafel naturel;6,5;384;1 stuk;7 gram;0,5;27;oranje;Brood en crackers
Oatgurt haveryoghurt naturel;2,3;61;1 schaaltje;150 gram;3,5;92;oranje;Melkproducten- Nagerechten
Oatgurt haveryoghurt vanille/ bosbes;2,1;82;1 schaaltje;150 gram;3,2;123;oranje;Melkproducten- Nagerechten
Pizzabodem glutenvrij (Schär);3;291;1 stuk;150 gram;4,5;437;oranje;Samengestelde gerechten
Kruidenboter (AH);1,2;623;1 portie;10 gram;0,1;62;groen;Broodbeleg, hartig
Croissant glutenvrij (DV, Schär);3,4;327;1 stuk;55 gram;1,9;180;oranje;Brood en crackers
Croissant glutenvrij (afbak, Proceli);1,2;350;1 stuk;50 gram;0,6;175;oranje;Brood en crackers
Portobello;2,5;29;100 gram;100 gram;2,5;29;oranje;Groenten en peulvruchten
Bosui, lenteui;1,5;31;100 gram;100 gram;1,5;31;oranje;Groenten en peulvruchten
Marshmallows vegan (Frisia);0,5;321;3 stuks;21 gram;0,1;67;groen;Snoep, suiker, zoete sauzen
Pizzabodem Eiwitarm (Allergento);0,5;232;1 stuk;150 gram;0,8;348;groen;Samengestelde gerechten
Vegetarische knaks (Unox);5,6;182;1 stuk;20 gram;1,1;36;oranje;Snacks
Croissant;9,6;403;1 stuk;60 gram;5,8;242;rood;Brood en crackers
Appelkruimelvlaai;3,9;304;1 punt;135 gram;5,3;410;oranje;Gebak en koek
Vruchtenvlaai;2,9;228;1 punt;85 gram;2,5;194;oranje;Gebak en koek
Ananassap;0,5;47;1 glas;150 gram;0,8;71;groen;Dranken
Appelsap;0,1;46;1 glas;150 gram;0,2;69;groen;Dranken
Appeltjes, gedroogd;2;292;10 stuks;25 gram;0,5;73;oranje;Fruit
Appelmoes (blik/ pot);0,2;76;1 schaaltje;200 gram;0,4;152;groen;Fruit
Appel (gem. m schil);0,3;56;1 stuk;125 gram;0,4;70;groen;Fruit
Nutrical;0;247;1 flesje;200 ml;0;494;groen;Dieetpreparaten
Energivit ;0;492;10 gram;10 gram;0;49;groen;Dieetpreparaten
Duocal SS;0;492;10 gram;10 gram;0;49;groen;Dieetpreparaten
Basic-P Milupa;0;532;10 gram;10 gram;0;53;groen;Dieetpreparaten
Fresubin 5 kcal Shot;0;500;1 portie;30 ml;0;150;groen;Dieetpreparaten
Basecal 200;0;465;1 zakje;43 gram;0;200;groen;Dieetpreparaten
Calogen;0;450;1 portie;30 ml;0;135;groen;Dieetpreparaten
Voedingssuiker, dextrine-maltose;0;381;10 gram;10 gram;0;38;groen;Dieetpreparaten
Wijn (rood, wit, rose);0,1;73;1 wijnglas;125 ml;0,1;91;groen;Dranken
Bitterbal, vega (Mora);4,7;241;1 stuk;20 gram;0,9;48;oranje;Snacks
Koekje, eiwitarm (gem);0,8;466;1 stuk;10 gram;0,1;47;groen;Gebak en koek
Doperwten met wortel (blik/glas);3,4;56;2 opscheplepels;100 gram;3,4;56;oranje;Groenten en peulvruchten
Doperwten middelfijn (blik/ glas);5;94;2 opscheplepels;100 gram;5;94;rood;Groenten en peulvruchten
Tuinbonen (gekookt);5;45;2 opscheplepels;100 gram;5;45;rood;Groenten en peulvruchten
Komkommer (rauw);0,7;13;1 schaaltje;70 gram;0,5;9;groen;Groenten en peulvruchten
Rauwkost/ groenten, rauw (gem);0,9;18;1 schaaltje;70 gram;0,6;13;groen;Groenten en peulvruchten
Margarine;0,1;720;1 voor 1 snee;5 gram;0;36;groen;Vetten, oliën en hartige sauzen
Falafel onbereid;6,8;208;2 stuks;30 gram;2;62;rood;Vegetarische producten
Bitterbal;11;302;1 stuk;20 gram;2,2;60;rood;Snacks
Yoghurt (vol);3,8;56;1 schaaltje;150 ml;5,7;84;rood;Melkproducten- Nagerechten
Danoontje XL, vruchtenkwark;6,4;87;1 bakje;100 gram;6,4;87;rood;Melkproducten- Nagerechten
Vanille ijs Vegan (Hertog);1;176;1 portie;52 gram;0,5;92;oranje;Melkproducten- Ijs
Roomijs m. chocolade (Magnum Classic);3,3;302;1 stuk;79 gram;2,6;239;rood;Melkproducten- Ijs
Ayran Turkse yoghurtdrink;2,3;33;1 glas;200 ml;4,6;66;oranje;Melk/yoghurtdrank
Mon Chou roomkaas;6,8;316;1 voor 1 snee;20 gram;1,4;63;oranje;Kaas
Boursin plant-based;2;260;1 voor 1 snee;20 gram;0,4;52;oranje;Kaas
Glutenvrije tortilla (Old el Paso);1,9;168;1 stuk;36 gram;0,7;60;oranje;Graanproducten, pappen en bindmiddelen
Brinta Classic ontbijtproduct;14;347;1 portie;35 gram;4,9;121;rood;Graanproducten, pappen en bindmiddelen
Pyjamapapje kant-en-klaar;2,3;83;100 gram;150 gram;3,5;125;rood;Graanproducten, pappen en bindmiddelen
Knakworst;12;201;1 stuk;20 gram;2,4;40;rood;Snacks
Visvervanger (eiwitarm) Taranis, onb.;2,4;280;1 portie;31 gram;0,7;87;oranje;Vis
Lekkerbekje, gefrituurd;19;210;1 stuk;145 gram;27,6;305;rood;Vis
Garnalen, Hollandse (gek);19,8;94;1 eetlepel;10 gram;2;9;rood;Vis
Gezeefde tomaat (pak);1,8;39;1 sauslepel;25 gram;0,5;10;oranje;Vetten, oliën en hartige sauzen
Jus (gebonden) m juspoeder;1;429;1 sauslepel;25 gram;0,3;107;oranje;Vetten, oliën en hartige sauzen
Slasaus;0,3;158;1 sauslepel;25 gram;0,1;40;groen;Vetten, oliën en hartige sauzen
Bak- en braadvet (pakje);0,1;719;1 eetlepel;15 gram;0;108;groen;Vetten, oliën en hartige sauzen
Quorn fishfree stick (DV);4,5;214;1 stuk;20 gram;0,9;43;oranje;Vegetarische producten
Champignonburger Ital. Stijl (Jumbo);5,1;121;1 stuk;80 gram;4,1;97;rood;Vegetarische producten
Broccoli burger krokant (Jumbo);6,6;158;1 stuk;85 gram;5,6;134;rood;Vegetarische producten
Ragout met vlees;8,4;100;2 opscheplepels;100 gram;8,4;100;rood;Samengestelde gerechten
Tortellini (gekookt);7,7;155;2 opscheplepels;100 gram;7,7;155;rood;Samengestelde gerechten
Goulash;10,5;113;2 opscheplepels;120 gram;12,6;136;rood;Samengestelde gerechten
Gado Gado (z. rijst z. ei);3,7;103;2 opscheplepels;100 gram;3,7;103;rood;Samengestelde gerechten
Chili con carne (bereid);8,3;133;2 opscheplepels;140 gram;11,6;186;rood;Samengestelde gerechten
Babi pangang zonder rijst;10,2;131;2 opscheplepels;100 gram;10,2;131;rood;Samengestelde gerechten
Kip-kerriesalade;8,8;285;1 eetlepel;20 gram;1,8;57;rood;Salades
Ham-preisalade;3,6;243;1 eetlepel;20 gram;0,7;49;rood;Salades
Vlees- maaltijdsalade;3,8;168;1 bolletje;50 gram;1,9;84;rood;Salades
Vissalade ;8,6;304;1 eetlepel;20 gram;1,7;61;rood;Salades
Japanse mix met pinda;10,9;421;1 schaaltje;50 gram;5,5;211;rood;Noten, zaden en chips
Japanse mix z. pinda's;8,5;387;1 schaaltje;40 gram;3,4;155;rood;Noten, zaden en chips
Lijnzaad;19;477;1 eetlepel;7 gram;1,3;33;oranje;Noten, zaden en chips
Slagroom (onbereid);2,3;339;1 eetlepel;15 gram;0,3;51;oranje;Melkproducten- Room
Soja cuisine (Alpro);2;166;1 eetlepel;15 gram;0,3;25;oranje;Melkproducten- Room
Alpro whipping ;1;268;1 eetlepel;15 gram;0,2;40;oranje;Melkproducten- Room
Koffiecreamer;1,9;557;1 theelepel;3 gram;0,1;17;groen;Melkproducten- Koffiemelk
Sojadrink div smaken (Alpro);2,9;60;1 pakje;200 ml;5,8;120;rood;Melk/yoghurtdrank
Sojadrink naturel ;3,4;38;1 glas;200 ml;6,8;76;rood;Melk/yoghurtdrank
Chocolademelk, volle;3,3;82;1 glas;200 ml;6,6;164;rood;Melk/yoghurtdrank
Magere melk (0%);3,7;35;1 glas;200 ml;7,4;70;rood;Melk/yoghurtdrank
Halfvolle melk;3,4;45;1 glas;200 ml;6,8;90;rood;Melk/yoghurtdrank
Melk, eiwitarm (Loprofin);0,4;39;1 pakje;200 ml;0,8;78;groen;Melk/yoghurtdrank
Karnemelk;3;30;1 glas;200 ml;6;60;rood;Melk/yoghurtdrank
Yoghurtdrank, Bonomel;1,2;52;1 glas;200 ml;2,4;104;oranje;Melk/yoghurtdrank
Amandeldrink, ongezoet;0,5;12;1 glas;200 ml;1;24;oranje;Melk/yoghurtdrank
Zuivelspread, naturel, kruiden-;5,1;248;1 voor 1 snee;15 gram;0,8;37;oranje;Broodbeleg, hartig
Uitjes gebakken- (gefrituurd);6;590;1 eetlepel;15 gram;0,9;89;oranje;Kruiden en specerijen
Strooiaroma;9,9;176;1 theelepel;5 gram;0,5;9;groen;Kruiden en specerijen
Mosterd;6,7;129;1 theelepel;5 gram;0,3;6;groen;Kruiden en specerijen
Kruidenpasta (boemboe);4;306;1 eetlepel;15 gram;0,6;46;oranje;Kruiden en specerijen
Kruidenmix m. groente (zakje);9,5;311;1 eetlepel;15 gram;1,4;47;oranje;Kruiden en specerijen
Ricotta kaas;8;141;1 eetlepel;15 gram;1,2;21;oranje;Kaas
Kiri Smeerkaas 55+ naturel;11,5;288;1 portie;15 gram;1,7;43;oranje;Kaas
Boursin roomkaas;7,5;411;1 voor 1 snee;15 gram;1,1;62;oranje;Kaas
Brie 60+;17;369;1 voor 1 snee;20 gram;3,4;74;rood;Kaas
Brie 50+;23;318;1 voor 1 snee;20 gram;4,6;64;rood;Kaas
Nori, zeewier (gedroogd);31,5;254;1 stuk;3 gram;1;8;oranje;Groenten en peulvruchten
Komkommerschijven, zoetzuur;0,7;9;1 opscheplepel;50 gram;0,4;5;groen;Groenten en peulvruchten
Custardpoeder (onb);0,3;350;1 eetlepel;10 gram;0;35;groen;Graanproducten, pappen en bindmiddelen
Tapioca;0;322;1 eetlepel;10 gram;0;32;groen;Graanproducten, pappen en bindmiddelen
Couscous (gekookt);4,3;126;2 opscheplepels;100 gram;4,3;126;oranje;Graanproducten, pappen en bindmiddelen
Maismeel;6,8;361;1 eetlepel;10 gram;0,7;36;oranje;Graanproducten, pappen en bindmiddelen
Paneermeel;13;378;1 eetlepel;5 gram;0,7;19;oranje;Graanproducten, pappen en bindmiddelen
Gortemout;10;332;1 eetlepel;10 gram;1;33;oranje;Graanproducten, pappen en bindmiddelen
Rijstebloem;7;352;1 eetlepel;4 gram;0,3;14;oranje;Graanproducten, pappen en bindmiddelen
Gierst (gekookt);3,7;123;2 opscheplepels;100 gram;3,7;123;oranje;Graanproducten, pappen en bindmiddelen
Olvarit licht volkoren pap (onb);11,6;376;1 portie;20 gram;2,3;75;oranje;Graanproducten, pappen en bindmiddelen
Tarwemeel, volkoren;14,4;330;1 eetlepel;10 gram;1,4;33;oranje;Graanproducten, pappen en bindmiddelen
Boekweitegrutten;8;357;1 eetlepel;10 gram;0,8;36;oranje;Graanproducten, pappen en bindmiddelen
Vermicelli (onbereid);12;354;1 eetlepel;10 gram;1,2;35;oranje;Graanproducten, pappen en bindmiddelen
Vruchtenmuesli;9,7;357;1 eetlepel;10 gram;1;36;oranje;Graanproducten, pappen en bindmiddelen
Krokante muesli, naturel/ fruit;8,3;438;1 eetlepel;10 gram;0,8;44;oranje;Graanproducten, pappen en bindmiddelen
Krokante muesli, noten/ chocolade;8,8;467;1 eetlepel;10 gram;0,9;47;oranje;Graanproducten, pappen en bindmiddelen
Havermout;12,8;373;1 eetlepel;5 gram;0,6;19;oranje;Graanproducten, pappen en bindmiddelen
Sojameel (ontvet) ;50;372;1 eetlepel;9 gram;4,5;33;oranje;Graanproducten, pappen en bindmiddelen
Sojameel (volvet);38;478;1 eetlepel;9 gram;3,4;43;oranje;Graanproducten, pappen en bindmiddelen
Pasta, wit (rauw);12,3;356;100 gram;100 gram;12,3;356;rood;Graanproducten, pappen en bindmiddelen
Pasta, volkoren (rauw);13;348;100 gram;100 gram;13;348;rood;Graanproducten, pappen en bindmiddelen
Coco pops original (Kellogg's);6,3;387;1 portie;30 gram;1,9;116;oranje;Graanproducten, pappen en bindmiddelen
Special K original (Kellog's);9;375;1 portie;30 gram;2,7;113;oranje;Graanproducten, pappen en bindmiddelen
Special K pure chocolade (Kellogg's);8,1;400;1 portie;30 gram;2,4;120;oranje;Graanproducten, pappen en bindmiddelen
Frosties, Kellogg's;4,5;375;1 portie;40 gram;1,8;150;oranje;Graanproducten, pappen en bindmiddelen
Ricekrispies (Kellogg's);6;383;1 portie;30 gram;1,8;115;oranje;Graanproducten, pappen en bindmiddelen
Honey pops loops (Kellogg's);9;378;1 portie;30 gram;2,7;113;oranje;Graanproducten, pappen en bindmiddelen
All Bran Plus Ontbijtproduct;14;334;1 eetlepel;5 gram;0,7;17;oranje;Graanproducten, pappen en bindmiddelen
Fruit 'n Fibre (Kellogg's);8;380;1 eetlepel;5 gram;0,4;19;oranje;Graanproducten, pappen en bindmiddelen
Cornflakes;7;378;1 portie;30 gram;2,1;113;oranje;Graanproducten, pappen en bindmiddelen
Rijstebloem voor pap (onb);7,4;352;1 portie;20 gram;1,5;70;oranje;Graanproducten, pappen en bindmiddelen
Olvarit fijne granen pap (onb);12,4;367;1 portie;20 gram;2,5;73;oranje;Graanproducten, pappen en bindmiddelen
Olvarit 8 granen pap (onb);10,4;360;1 portie;20 gram;2,1;72;oranje;Graanproducten, pappen en bindmiddelen
Mie nestjes (rauw);12,3;356;100 gram;100 gram;12,3;356;rood;Graanproducten, pappen en bindmiddelen
Fruitontbijt (Coolbest);0,8;55;1 portie;250 ml;2;138;oranje;Graanproducten, pappen en bindmiddelen
Pindakoek;10,8;512;1 stuk, 2 kleine;35 gram;3,8;179;rood;Gebak en koek
Berliner bol;5,4;289;1 stuk;80 gram;4,3;231;oranje;Gebak en koek
Kwarkgebak;5,5;218;1 punt;115 gram;6,3;251;rood;Gebak en koek
Appeltaart v zandtaartdeeg;3,1;224;1 punt;115 gram;3,6;258;oranje;Gebak en koek
Monchou taart;2,5;330;1 punt;115 gram;2,9;379;oranje;Gebak en koek
Isostar Energy Bar;5;399;1 stuk;40 gram;2;160;oranje;Gebak en koek
Gevulde koek;6,2;410;1 stuk;60 gram;3,7;246;oranje;Gebak en koek
Eierkoek;6;303;1 stuk;50 gram;3;152;oranje;Gebak en koek
Brownie (stukje 4x4x4 cm);4,4;420;1 stukje;34 gram;1,5;143;oranje;Gebak en koek
Amandelbroodje;7;391;1 stuk;60 gram;4,2;235;rood;Gebak en koek
Avocado, zonder pit/schil;2;186;1 halve;90 gram;1,8;167;oranje;Groenten en peulvruchten
Roosvicee vruchtendrank multivit;0,1;36;1 glas;200 gram;0,2;72;groen;Dranken
Cappucino, vers bereid;1,8;31;1 glas / kop;175 ml;3,2;54;rood;Dranken
Cappucino, oplos- bereid;1,2;37;1 glas / kop;175 ml;2,1;65;rood;Dranken
Alcoholvrij bier;0,3;24;1 glas;250 ml;0,8;60;groen;Dranken
Schuddebuikjes;5;486;1 voor 1 snee;14 gram;0,7;68;oranje;Broodbeleg, zoet
Chocoladevlokken, gem;5,6;451;1 voor 1 snee;15 gram;0,8;68;oranje;Broodbeleg, zoet
Chocoladepasta, puur;3;575;1 voor 1 snee;15 gram;0,5;86;oranje;Broodbeleg, zoet
Chocoladepasta, melk;2,4;570;1 voor 1 snee;15 gram;0,4;86;oranje;Broodbeleg, zoet
Chocoladepasta, hazelnoot;5,7;562;1 voor 1 snee;15 gram;0,9;84;oranje;Broodbeleg, zoet
Chocoladehagelslag (gem);5,5;450;1 voor 1 snee;15 gram;0,8;68;oranje;Broodbeleg, zoet
Heksenkaas - origineel;1,9;356;1 voor 1 snee;15 gram;0,3;53;oranje;Kaas
Heksenkaas Vegan - origineel;0,5;475;1 voor 1 snee;15 gram;0;71;groen;Kaas
Toast (pak);11;359;1 stuk;10 gram;1,1;36;oranje;Brood en crackers
Matze, watercracker;11;376;1 stuk;12 gram;1,3;45;oranje;Brood en crackers
Knackebröd (gemiddeld);11,6;380;1 stuk;10 gram;1,2;38;oranje;Brood en crackers
Creamcracker;9,1;448;1 stuk;10 gram;0,9;45;oranje;Brood en crackers
Cracottes luchtige cracker;12;381;1 stuk;7 gram;0,8;27;oranje;Brood en crackers
Beschuit naturel;14,1;408;1 stuk;10 gram;1,4;41;oranje;Brood en crackers
Aardappelkroketten, onbereid;2,7;169;2 stuks;36 gram;1;61;oranje;Aardappelen en knolgewassen
Aardappelpuree (instant) m water;1,7;71;2 opscheplepels;100 gram;1,7;71;oranje;Aardappelen en knolgewassen
Aardappelpuree (instant) m hv melk;4,1;96;2 opscheplepels;100 gram;4,1;96;oranje;Aardappelen en knolgewassen
Cassavemeel,;2;336;1 eetlepel;10 gram;0,2;34;oranje;Graanproducten, pappen en bindmiddelen
Cassave kroepoek;1,4;474;1 schaaltje;25 gram;0,4;119;oranje;Noten, zaden en chips
Zoete aardappel/ Bataat/ (gekookt);1,1;94;2 opscheplepels;100 gram;1,1;94;oranje;Aardappelen en knolgewassen
Cassave (gekookt);0,5;128;1 stuk;100 gram;0,5;128;groen;Aardappelen en knolgewassen
Eiwitarm bakmeel;0,3;358;1 eetlepel;10 gram;0;36;groen;Graanproducten, pappen en bindmiddelen
Vermicelli, eiwitarm (onbereid);0,6;339;1 eetlepel;10 gram;0,1;34;groen;Graanproducten, pappen en bindmiddelen
Rijst, eiwitarm (rauw gewogen);0,4;365;100 gram;100 gram;0,4;365;groen;Graanproducten, pappen en bindmiddelen
Cracotte, eiwitarm (Aproten);1,6;392;1 cracotte;6 gram;0,1;24;groen;Brood en crackers
Cornflakes, eiwitarm;0,3;380;1 portie;30 gram;0,1;114;groen;Graanproducten, pappen en bindmiddelen
Boekweitmeel;9;353;1 eetlepel;10 gram;0,9;35;oranje;Graanproducten, pappen en bindmiddelen
Blue Band plantaardige kookroom;1,3;154;1 eetlepel;15 gram;0,2;23;oranje;Melkproducten- Room
Groentechips, gem AH en Jumbo;5,7;463;1 handje;10 gram;0,6;46;oranje;Noten, zaden en chips
Tortillachips, naturel;6,8;480;1 handje;15 gram;1;72;oranje;Noten, zaden en chips
Ontbijt/ Lunchreep (Promin);0,4;472;1 reep;40 gram;0,2;189;groen;Graanproducten, pappen en bindmiddelen
Koko dairy free plain ;0,6;79;1 schaaltje;150 gram;0,9;119;oranje;Melkproducten- Nagerechten
Rookworst gem. gekookt ;14,6;332;1 portie;69 gram;10;229;rood;Vlees en vleeswaren
Sushi hosomaki set AH 12 stuks;4,4;130;2 stuks;38 gram;1,7;49;oranje;Samengestelde gerechten
Tosti quick saus (Remia);1,2;130;1 eetlepel;20 gram;0,2;26;oranje;Vetten, oliën en hartige sauzen
Roomijs m. fruitcoating (Solero);3;144;1 stuk;68 gram;2;98;oranje;Melkproducten- Ijs
Magnum Vegan Classic;1,6;339;1 stuk;71 gram;1,1;241;oranje;Melkproducten- Ijs
Cornetto classic ;2,9;277;1 stuk;60 gram;1,7;166;oranje;Melkproducten- Ijs
Cornetto Vegan;1,8;299;1 stuk;60 gram;1,1;179;oranje;Melkproducten- Ijs
Burgermix, eiwitarm (Promin) bereid;0,8;155;1 portie;80 gram;0,6;124;oranje;Vlees en vleeswaren
Slagroomtaart;4,6;316;1 punt;100 gram;4,6;316;oranje;Gebak en koek
Slagroom (geklopt met suiker);2;348;1 eetlepel;10 gram;0,2;35;oranje;Melkproducten- Room
Blue Band Finesse (koken);2;160;1 eetlepel;15 gram;0,3;24;oranje;Melkproducten- Room
Vegan stracciatella (Danio);0,8;136;1 schaaltje;150 gram;1,2;204;oranje;Melkproducten- Nagerechten
Alpro absolutely coconut;0,6;84;1 schaaltje;150 gram;0,9;126;oranje;Melkproducten- Nagerechten
Groente croquet (onbereid);4,5;174;1 stuk;80 gram;3,6;139;rood;Snacks
Zoete aardappelfrites (DV);1,8;163;100 gram;100 gram;1,8;163;oranje;Aardappelen en knolgewassen
Loempia, mini (groente, DV) AH;3,4;239;1 stuk;20 gram;0,7;48;oranje;Snacks
Rösti rondjes (DV);2;178;100 gram;100 gram;2;178;oranje;Aardappelen en knolgewassen
Baba Anoesch (Maza);1,5;260;1 voor 1 snee;15 gram;0,2;39;oranje;Broodbeleg, hartig
Farmersalade (Johma);1;256;1 eetlepel;20 gram;0,2;51;oranje;Salades
American coleslaw (salade);1,4;191;1 eetlepel;20 gram;0,3;38;oranje;Salades
Liga haverkick (appel/bosvr, gem);5;397;1 stuk;33 gram;1,7;131;oranje;Gebak en koek
Evergreen, krenten (Liga);6,9;384;1 stuk;19 gram;1,3;73;oranje;Gebak en koek
Liga Milkbreak;9,2;444;1 stuk;20 gram;1,8;89;oranje;Gebak en koek
Liga kinderbiscuit (12-36 mnd);8,3;404;1 stuk;15 gram;1,2;61;oranje;Gebak en koek
Liga babybiscuit (6-12 mnd);6,8;393;1 stuk;15 gram;1;59;oranje;Gebak en koek
Lamsvlees, gemiddeld (rauw);20;190;1 portie;100 gram;20;190;rood;Vlees en vleeswaren
Varkensvlees, vet (bereid);23,1;378;1 portie;75 gram;17,3;284;rood;Vlees en vleeswaren
Varkensvlees, gem.vet (bereid);28,9;269;1 portie;75 gram;21,7;202;rood;Vlees en vleeswaren
Varkensvlees, mager (bereid);29;159;1 portie;75 gram;21,8;119;rood;Vlees en vleeswaren
Rundvlees (mager), bereid;29,7;161;1 portie;75 gram;22,3;121;rood;Vlees en vleeswaren
Rundvlees (vet), bereid;25,2;277;1 portie;75 gram;18,9;208;rood;Vlees en vleeswaren
Vegetarische hamburger (onbereid);17,7;192;1 stuk;80 gram;14,2;154;rood;Vegetarische producten
Hamburger (bereid);22,5;255;1 stuk;80 gram;18;204;rood;Vlees en vleeswaren
Bietenburger vegan (AH);4,6;80;1 stuk;100 gram;4,6;80;oranje;Vegetarische producten
Pompoen-tijmburger (AH);4,8;170;1 stuk;80 gram;3,8;136;oranje;Vegetarische producten
Jackfruit, young en pulled (blik);1;17;1 portie;70 gram;0,7;12;oranje;Vegetarische producten
Haverdrink (lees pak!);1;47;1 glas;200 ml;2;94;oranje;Melk/yoghurtdrank
Glutenvrije pasta Schar, gekookt;3,6;143;2 opscheplepels;100 gram;3,6;143;oranje;Graanproducten, pappen en bindmiddelen
Roomsnoepje (Werthers);0,3;424;2 stuks;10 gram;0;42;groen;Snoep, suiker, zoete sauzen
Stokbrood wit en bruin (gem);9,8;264;1 snee;10 gram;1;26;oranje;Brood en crackers
Chocoprince;5,4;500;1 stuk;28 gram;1,5;140;oranje;Gebak en koek
Cracker, eiwitarm- (Loprofin);0,4;452;1 stuk;5 gram;0;23;groen;Brood en crackers
Chocolade, eiwitarm (Vita Biwi);0,2;549;1 stuk;25 gram;0,1;137;groen;Chocola
Valess met kaas gevulde filet;13;197;1 stuk;90 gram;11,7;177;rood;Vegetarische producten
Valess veg schnitzel;12,3;188;1 stuk;90 gram;11,1;169;rood;Vegetarische producten
Valess gevulde filet;10,4;200;1 stuk;90 gram;9,4;180;rood;Vegetarische producten
Vega smeerworst kleintje (Kips);7,1;237;1 portie;20 gram;1,4;47;oranje;Broodbeleg, hartig
Eiwitarme pasta, onbereid;0,4;352;100 gram;100 gram;0,4;352;groen;Graanproducten, pappen en bindmiddelen
Eiwitarme pasta, gekookt;0,2;147;2 opscheplepels;100 gram;0,2;147;groen;Graanproducten, pappen en bindmiddelen
M&M's chocolade;4,6;487;1 zakje;45 gram;2,1;219;oranje;Chocola
Oliebol met krenten en rozijnen ;6;256;1 stuk;65 gram;3,9;166;oranje;Gebak en koek
Krentenbrood z spijs;7,8;273;1 snee;35 gram;2,7;96;rood;Brood en crackers
Krentenbrood m spijs;8,2;303;1 snee;35 gram;2,9;106;rood;Brood en crackers
Rozijnen (geweekt);2,5;258;1 eetlepel;15 gram;0,4;39;oranje;Fruit
Rozijnen (gedroogd);3,1;325;1 eetlepel;10 gram;0,3;33;oranje;Fruit
Rozijnen (uitdeeldoosje) gem.;3,1;325;1 doosje;14 gram;0,4;46;oranje;Snoep, suiker, zoete sauzen
"Rice Cuisine (Dream&Joya; Lima)";0,2;94;1 eetlepel;15 gram;0;14;groen;Melkproducten- Room
Melk, eiwitarm (ProZero);0;67;1 pakje;250 ml;0;168;groen;Melk/yoghurtdrank
Lasagnebladen (eiwitarm);0,4;362;100 gram;100 gram;0,4;362;groen;Graanproducten, pappen en bindmiddelen
Eivervanger (Eiwitarm, gem);0,3;338;1 eetlepel;10 gram;0;34;groen;Eieren
Mars;4,1;449;1 stuk;51 gram;2,1;229;oranje;Chocola
Belvita meergranen, Liga;7,7;446;1 stuk;13 gram;1;58;oranje;Gebak en koek
Bebogeen (de Ruijter);3,4;291;1 voor 1 snee;15 gram;0,5;44;oranje;Broodbeleg, zoet
Kruimelvlaai met vruchten;3,3;197;1 punt;115 gram;3,8;227;oranje;Gebak en koek
Boerenkool stamppot z vlees;1,9;82;2 opscheplepels;100 gram;1,9;82;oranje;Samengestelde gerechten
Boerenkool (rauw);3;33;100 gram;100 gram;3;33;oranje;Groenten en peulvruchten
Boerenkool (gekookt);2,7;33;2 opscheplepels;100 gram;2,7;33;oranje;Groenten en peulvruchten
Koolraap (gekookt);0,7;33;2 opscheplepels;100 gram;0,7;33;oranje;Groenten en peulvruchten
Fudge zachte caramel;1,9;435;1 stuk;10 gram;0,2;44;oranje;Snoep, suiker, zoete sauzen
Mueslireep (gem);7,8;441;1 stuk;25 gram;2;110;oranje;Gebak en koek
Café noir original;3,4;420;1 stuk;10 gram;0,3;42;oranje;Gebak en koek
Soes (ongevuld);6;222;1 stuk;28 gram;1,7;62;oranje;Gebak en koek
Pim's orange Cake;3,6;373;1 stuk;12 gram;0,4;45;oranje;Gebak en koek
Stroopwafel;3,8;473;1 stuk;30 gram;1,1;142;oranje;Gebak en koek
Ajvar milde paprikasaus (Podravka);1,5;78;1 sauslepel;25 gram;0,4;20;oranje;Vetten, oliën en hartige sauzen
Rijstdrink choco (Lima/ Riso Scotti);0,5;74;1 pakje;200 ml;1;148;oranje;Melk/yoghurtdrank
Ovenfrites (DV), bereid;5,8;291;2 opscheplepels;100 gram;5,8;291;rood;Aardappelen en knolgewassen
Pastinaak, rauw;1,8;71;100 gram;100 gram;1,8;71;oranje;Groenten en peulvruchten
Pastinaak, gekookt;1,6;68;2 opscheplepels;100 gram;1,6;68;oranje;Groenten en peulvruchten
Ontbijtkoek, volkoren-;3,1;308;1 plak;25 gram;0,8;77;oranje;Gebak en koek
Ontbijtkoek;3;308;1 plak;25 gram;0,8;77;oranje;Gebak en koek
Groentemix, Mexico (DV);4,5;85;2 opscheplepels;100 gram;4,5;85;oranje;Groenten en peulvruchten
Aardappelschijfjes (DV) gefrituurd;3,1;229;2 opscheplepels;100 gram;3,1;229;oranje;Aardappelen en knolgewassen
Frisdrank Light (met aspartaam gezoet);0;1;1 glas;200 ml;0;2;rood;Dranken
Jelly aardbei (dr. Oetker) bereid;0;60;1 portie;150 gram;0;90;groen;Melkproducten- Nagerechten
Kitkat vegan ;2,7;515;2 staafjes;21 gram;0,6;108;oranje;Chocola
Kitkat, reep;7,1;520;2 staafjes;21 gram;1,5;109;rood;Chocola
Koetjesreep, mini (8 g);4,3;558;1 stuk;8 gram;0,3;45;oranje;Chocola
Koetjesreep, klassiek (15 g);4,3;558;1 stuk;15 gram;0,6;84;oranje;Chocola
Frisdrank light;0;0;1 glas;200 ml;0;0;groen;Dranken
30+ kaas;30,4;289;1 voor 1 snee;20 gram;6,1;58;rood;Kaas
Vanilleroomijs;3;220;1 bolletje;50 gram;1,5;110;oranje;Melkproducten- Ijs
Koffiemelk (halfvol);7;110;1 cupje;8 gram;0,6;9;oranje;Melkproducten- Koffiemelk
Chips v. aardappelmeel (Pringels);4,2;522;1 handje;10 gram;0,4;52;oranje;Noten, zaden en chips
Bier, pils, radler;0,4;42;1 glas;250 ml;1;105;oranje;Dranken
Bokbier;0,6;61;1 glas;250 ml;1,5;153;oranje;Dranken
Bier, speciaal;0,5;50;1 glas;250 ml;1,3;125;oranje;Dranken
Advocaat;4,3;236;1 glaasje;50 ml;2,2;118;rood;Dranken
Likeur;0;244;1 glaasje;35 ml;0;85;groen;Dranken
Sterke drank (gedestilleerd) ongezoet;0;221;1 glaasje;35 ml;0;77;groen;Dranken
Cantharel (gekookt);1,8;20;1 opscheplepel;50 gram;0,9;10;oranje;Groenten en peulvruchten
Zoute biscuit;8,1;472;2 stuks;10 gram;0,8;47;oranje;Noten, zaden en chips
Bak- en braadvet (vloeibaar);0;735;1 eetlepel;15 gram;0;110;groen;Vetten, oliën en hartige sauzen
Bakmix, eiwitarm;0,3;370;1 eetlepel;10 gram;0;37;groen;Graanproducten, pappen en bindmiddelen
Vegetarisch gehakt;18,9;176;1 portie;80 gram;15,1;141;rood;Vegetarische producten
Kruisbessen;0,9;49;1 eetlepel;15 gram;0,1;7;groen;Fruit
Bosbessen;0,6;30;1 eetlepel;15 gram;0,1;5;groen;Fruit
Blauwe bessen;0,7;52;1 eetlepel;15 gram;0,1;8;groen;Fruit
Zwarte bessen;0,9;53;1 eetlepel;15 gram;0,1;8;groen;Fruit
Rode bessen;1,1;36;1 eetlepel;15 gram;0,2;5;groen;Fruit
Vossenbessen;0,8;57;1 eetlepel;15 gram;0,1;9;groen;Fruit
Bessensap, rode;0,2;42;1 glas;150 gram;0,3;63;groen;Dranken
Bloemkool (rauw);1,9;25;100 gram;100 gram;1,9;25;oranje;Groenten en peulvruchten
Bloemkool (gekookt);1,8;22;2 opscheplepels;100 gram;1,8;22;oranje;Groenten en peulvruchten
Witbrood (water-);9;247;1 snee;35 gram;3,2;86;rood;Brood en crackers
Bouillon v blokje (bereid);0,1;5;1 kop;250 ml;0,3;13;groen;Soepen
Krentenbol;8,4;268;1 stuk;50 gram;4,2;134;rood;Brood en crackers
Broccoli (gekookt);3,9;27;2 opscheplepels;100 gram;3,9;27;oranje;Groenten en peulvruchten
Bugles;6,3;537;1 handje;8 gram;0,5;43;oranje;Noten, zaden en chips
Fritessaus 25% olie;0,5;296;1 eetlepel;20 gram;0,1;59;groen;Vetten, oliën en hartige sauzen
Volkorenbrood met div zaden ;12,5;274;1 snee;35 gram;4,4;96;rood;Brood en crackers
Pasta, wit (gekookt);5,1;142;2 opscheplepels;100 gram;5,1;142;rood;Graanproducten, pappen en bindmiddelen
Pasta, volkoren (gekookt);5,6;134;2 opscheplepels;100 gram;5,6;134;rood;Graanproducten, pappen en bindmiddelen
Tahin seampasta;21,9;602;1 voor 1 snee;15 gram;3,3;90;rood;Broodbeleg, hartig
Duopasta met chocolade;1,8;576;1 voor 1 snee;15 gram;0,3;86;oranje;Broodbeleg, zoet
Druiven (witte/blauwe);0,6;78;1 schaaltje;125 gram;0,7;98;groen;Fruit
Kel­logg's Fros­ties ;4,5;375;1 portie;30 gram;1,4;113;oranje;Graanproducten, pappen en bindmiddelen
Graanreep (Kellogg's, gem);6;417;1 stuk;20 gram;1,2;83;oranje;Gebak en koek
Atjar tjampoer;1;42;1 opscheplepel;50 gram;0,5;21;groen;Groenten en peulvruchten
20+ Kaas;34,5;246;1 voor 1 snee;20 gram;6,9;49;rood;Kaas
Edammer kaas, 40+;25,5;324;1 voor 1 snee;20 gram;5,1;65;rood;Kaas
Geitenkaas (vers/ zacht);13,4;207;1 voor 1 snee;20 gram;2,7;41;rood;Kaas
Geitenkaas (hard);22,4;396;1 voor 1 snee;20 gram;4,5;79;rood;Kaas
Schapenkaas (vers);17;238;1 voor 1 snee;20 gram;3,4;48;rood;Kaas
Goudse kaas, 48+;22,9;369;1 voor 1 snee;20 gram;4,6;74;rood;Kaas
Pindakaas met stukjes noot;20;651;1 voor 1 snee;15 gram;3;98;rood;Broodbeleg, hartig
Pindakaas;22,5;654;1 voor 1 snee;15 gram;3,4;98;rood;Broodbeleg, hartig
Mierikswortel (rauw);4,5;80;1 theelepel;5 gram;0,2;4;groen;Kruiden en specerijen
Trassie (garnalenpasta);37;208;1 theelepel;5 gram;1,9;10;oranje;Kruiden en specerijen
Zout;0;0;1 theelepel;5 gram;0;0;groen;Kruiden en specerijen
Peterselie (vers);4;37;1 takje;5 gram;0,2;2;groen;Kruiden en specerijen
Peterselie (gedroogd);22;309;1 snufje;1 gram;0,2;3;groen;Kruiden en specerijen
Basilicum (vers);3,1;48;1 takje;5 gram;0,2;2;groen;Kruiden en specerijen
Basilicum (gedroogd);23;244;1 snufje;1 gram;0,2;2;groen;Kruiden en specerijen
Bieslook;4;62;1 sprietje;1 gram;0;1;groen;Kruiden en specerijen
Selderijblad (vers);1;16;1 takje;2 gram;0;0;groen;Kruiden en specerijen
Cayennepeper;12;379;1 snufje;1 gram;0,1;4;groen;Kruiden en specerijen
Peper (zwarte en witte);11;332;1 snufje;1 gram;0,1;3;groen;Kruiden en specerijen
Chilipoeder;12;373;1 snufje;1 gram;0,1;4;groen;Kruiden en specerijen
Kaneel;4;316;1 snufje;1 gram;0;3;groen;Kruiden en specerijen
Kerrie Djawa;12;370;1 snufje;1 gram;0,1;4;groen;Kruiden en specerijen
Kervel (gedroogd);23;303;1 snufje;1 gram;0,2;3;groen;Kruiden en specerijen
Kervel (vers);4;44;1 takje;2 gram;0,1;1;groen;Kruiden en specerijen
Knoflook (vers);6,4;158;1 teentje;2 gram;0,1;3;groen;Kruiden en specerijen
Komijnzaad (gedroogd);18;427;1 snufje;1 gram;0,2;4;groen;Kruiden en specerijen
Majoraan (gedroogd);13;319;1 snufje;1 gram;0,1;3;groen;Kruiden en specerijen
Nootmuskaat;6;536;1 snufje;1 gram;0,1;5;groen;Kruiden en specerijen
Oregano (gedroogd);11;360;1 snufje;1 gram;0,1;4;groen;Kruiden en specerijen
Rozemarijn (gedroogd);5;374;1 snufje;1 gram;0,1;4;groen;Kruiden en specerijen
Sambal gebakken;4,4;250;1 theelepel;5 gram;0,2;13;groen;Kruiden en specerijen
Sambal Oelek;1,6;36;1 theelepel;5 gram;0,1;2;groen;Kruiden en specerijen
Sereh (citroengras) poeder;5;216;1 snufje;1 gram;0,1;2;groen;Kruiden en specerijen
Bamigroenten, gekookt;1,2;19;2 opscheplepels;100 gram;1,2;19;oranje;Groenten en peulvruchten
Soepgroenten (rauw);1,4;33;100 gram;100 gram;1,4;33;oranje;Groenten en peulvruchten
Soepgroenten v. erwtensoep (dv);2;17;100 gram;100 gram;2;17;oranje;Groenten en peulvruchten
Soepgroenten (diepvries);2;25;100 gram;100 gram;2;25;oranje;Groenten en peulvruchten
Witbrood (melk-);9,6;257;1 snee;35 gram;3,4;90;rood;Brood en crackers
Koffieroom;3,3;210;1 cupje;8 gram;0,3;17;oranje;Melkproducten- Koffiemelk
Zure room;3;134;1 eetlepel;15 gram;0,5;20;oranje;Melkproducten- Room
Fritessticks;6,5;522;1 handje;10 gram;0,7;52;oranje;Noten, zaden en chips
Chips, gemiddeld;6,3;538;1 handje;10 gram;0,6;54;oranje;Noten, zaden en chips
Chips light;7,3;490;1 handje;10 gram;0,7;49;oranje;Noten, zaden en chips
Pijnboompitten;24;611;1 eetlepel;15 gram;3,6;92;rood;Noten, zaden en chips
Pompoenpitten;30,3;574;1 eetlepel;15 gram;4,5;86;rood;Noten, zaden en chips
Sesamzaad;26;629;1 eetlepel;15 gram;3,9;94;rood;Noten, zaden en chips
Andijviestamppot z. vlees;1,9;65;2 opscheplepels;100 gram;1,9;65;oranje;Samengestelde gerechten
Zuurkoolstamppot z vlees;1,6;54;2 opscheplepels;100 gram;1,6;54;oranje;Samengestelde gerechten
Nibbits;3,3;482;1 handje;10 gram;0,3;48;oranje;Noten, zaden en chips
Wokkels;3,4;493;1 handje;10 gram;0,3;49;oranje;Noten, zaden en chips
Bamibal, bamischijf (onb);5,8;165;1 stuk;100 gram;5,8;165;rood;Snacks
Frisdrank;0;37;1 glas;200 ml;0;74;groen;Dranken
Kroket (onbereid);7,6;187;1 stuk;100 gram;7,6;187;rood;Snacks
Loempia (bereid);7,1;181;1 stuk;150 gram;10,7;272;rood;Snacks
Saucijzenbroodje;7,2;356;1 stuk;100 gram;7,2;356;rood;Snacks
Pepermunt;0,6;395;2 stuks;5 gram;0;20;groen;Snoep, suiker, zoete sauzen
Borstplaat, room-;0,7;346;1 stukje;10 gram;0,1;35;groen;Snoep, suiker, zoete sauzen
Chocoladesaus (dessert);2,1;269;1 sauslepel;25 gram;0,5;67;oranje;Snoep, suiker, zoete sauzen
Zuurtje;0;380;2 stuks;10 gram;0;38;groen;Snoep, suiker, zoete sauzen
Engelse drop;3,7;394;2 stuks;10 gram;0,4;39;oranje;Snoep, suiker, zoete sauzen
Marshmellows;4,6;329;2 stuks;10 gram;0,5;33;oranje;Snoep, suiker, zoete sauzen
Gebonden soep z vulling;0,6;40;1 kop;250 gram;1,5;100;oranje;Soepen
Groentensoep (blik/zak);2;41;1 kop;250 gram;5;103;rood;Soepen
Soep, groente-/ vlees (pakje);0,6;18;1 kop;250 gram;1,5;45;oranje;Soepen
Curryketchup;0,8;129;1 eetlepel;15 gram;0,1;19;groen;Vetten, oliën en hartige sauzen
Kipsaté met saus;13,1;175;1 stokje;50 gram;6,6;88;rood;Vlees en vleeswaren
Moedermelk;1;68;100 ml;100 gram;1;68;oranje;Zuigelingenvoeding
Aardappelen, gebakken;1,8;120;2 opscheplepels;100 gram;1,8;120;oranje;Aardappelen en knolgewassen
Aardappelmeel;0;320;1 eetlepel;10 gram;0;32;groen;Graanproducten, pappen en bindmiddelen
Aardbeien;0,7;29;1 schaaltje;125 gram;0,9;36;groen;Fruit
Aardbeien op siroop;0,5;71;1 schaaltje;125 gram;0,6;89;groen;Fruit
Abrikozen, gedroogd;5;285;5 stuks;25 gram;1,3;71;oranje;Fruit
Abrikozen op siroop;0,4;69;1 schaaltje;125 gram;0,5;86;groen;Fruit
Andijvie (gekookt);1,4;22;2 opscheplepels;100 gram;1,4;22;oranje;Groenten en peulvruchten
Baklava;10,4;461;100 gram;100 gram;10,4;461;rood;Gebak en koek
Bamboespruiten (blik/glas);2;33;1 opscheplepel;50 gram;1;17;oranje;Groenten en peulvruchten
Barbecuesaus;0,9;95;1 eetlepel;20 gram;0,2;19;groen;Vetten, oliën en hartige sauzen
Bastognekoek;4,9;493;1 stuk;10 gram;0,5;49;oranje;Gebak en koek
Rode biet (rauw);1,7;38;100 gram;100 gram;1,7;38;oranje;Groenten en peulvruchten
Bietensap;0,9;34;1 glas;150 gram;1,4;51;oranje;Dranken
Bleekselderij (gekookt);1;14;2 opscheplepels;100 gram;1;14;oranje;Groenten en peulvruchten
Bleekselderij (rauw);1;14;1 schaaltje;70 gram;0,7;10;groen;Groenten en peulvruchten
Bladselderij (vers);1;16;1 takje;2 gram;0;0;groen;Kruiden en specerijen
Bounty;3,7;486;1 stuk, 2 kleine;57 gram;2,1;277;oranje;Chocola
Bramen;0,9;37;1 schaaltje;125 gram;1,1;46;groen;Fruit
Carambola;0,5;37;1 stuk;155 gram;0,8;57;groen;Fruit
Champignons (gebakken);2,6;54;2 opscheplepels;100 gram;2,6;54;oranje;Groenten en peulvruchten
Champignons (gekookt);3,8;21;2 opscheplepels;100 gram;3,8;21;oranje;Groenten en peulvruchten
Champignons (blik/ glas);2,2;19;2 opscheplepels;100 gram;2,2;19;oranje;Groenten en peulvruchten
Chinese kool (gekookt);1;17;2 opscheplepels;100 gram;1;17;oranje;Groenten en peulvruchten
Chinese kool (rauw);1;17;1 schaaltje;35 gram;0,4;6;groen;Groenten en peulvruchten
Citroensap (vers);0,4;47;1 eetlepel;10 gram;0;5;groen;Dranken
Citrusfruit, vers (gem);0,8;48;1 portie;125 gram;1;60;groen;Fruit
Courgette (gekookt);1,5;19;2 opscheplepels;100 gram;1,5;19;oranje;Groenten en peulvruchten
Cranberry's (vers);0,4;24;1 eetlepel;15 gram;0,1;4;groen;Fruit
Dagoeblad (rauw);3;34;100 gram;100 gram;3;34;oranje;Groenten en peulvruchten
Druivenblad (glas);3,3;33;100 gram;100 gram;3,3;33;oranje;Groenten en peulvruchten
Druivensap;0,2;65;1 glas;150 gram;0,3;98;groen;Dranken
Duopasta z. chocolade;0,8;567;1 voor 1 snee;15 gram;0,1;85;groen;Broodbeleg, zoet
Ei, kippen- (gebakken);14,4;220;1 stuk;50 gram;7,2;110;rood;Eieren
Frambozen;1,4;37;1 schaaltje;125 gram;1,8;46;groen;Fruit
Frambozen op siroop;0,5;71;1 schaaltje;125 gram;0,6;89;groen;Fruit
Frituurvet;0;900;1 eetlepel;10 gram;0;90;groen;Vetten, oliën en hartige sauzen
Fruit, vers (gemiddeld);0,6;62;1 stuk, 2 kleine;125 gram;0,8;78;groen;Fruit
Gehakt, rul gebakken (rund/ hoh);30,1;317;1 portie;80 gram;24,1;254;rood;Vlees en vleeswaren
Gelatine;88;352;1 blaadje;2 gram;1,8;7;rood;Graanproducten, pappen en bindmiddelen
Gember (vers of op siroop);1,8;288;1 bolletje;5 gram;0,1;14;groen;Kruiden en specerijen
Granaatappel;1;91;1 stuk;150 gram;1,5;137;groen;Fruit
Grapefruit;0,9;37;1 halve;75 gram;0,7;28;groen;Fruit
Guave ;2,6;75;1 halve;45 gram;1,2;34;groen;Fruit
Grapefruit op siroop;0,5;66;1 schaaltje;125 gram;0,6;83;groen;Fruit
Grapefruitsap;0,5;34;1 glas;150 gram;0,8;51;groen;Dranken
Groene erwten (gekookt);8,4;126;2 opscheplepels;100 gram;8,4;126;rood;Groenten en peulvruchten
Halvanaise;1;400;1 eetlepel;20 gram;0,2;80;oranje;Vetten, oliën en hartige sauzen
Honing;0,3;321;1 voor 1 snee;15 gram;0;48;groen;Broodbeleg, zoet
Kaisoi (rauw);3;32;100 gram;100 gram;3;32;oranje;Groenten en peulvruchten
Kaki / sharonvrucht;0,5;77;1 stuk;150 gram;0,8;116;groen;Fruit
Kastanje, rauw;4;189;5 stuks;20 gram;0,8;38;oranje;Noten, zaden en chips
Kersen;0,9;57;1 schaaltje;125 gram;1,1;71;groen;Fruit
Kersen op siroop;0,6;63;1 schaaltje;100 gram;0,6;63;groen;Fruit
Knolselderij (rauw/ gekookt);2;38;2 opscheplepels;100 gram;2;38;oranje;Groenten en peulvruchten
Li­ga Bel­vi­ta bis­cuits;7,7;438;1 stuk;13 gram;1;57;oranje;Gebak en koek
Koolrabi (rauw);0,9;31;100 gram;100 gram;0,9;31;oranje;Groenten en peulvruchten
Kokosmakronen;4;455;1 stuk;50 gram;2;228;oranje;Gebak en koek
Kokosbrood;3,2;426;1 plak;30 gram;1;128;oranje;Broodbeleg, zoet
Komkommer (gekookt);1;17;2 opscheplepels;100 gram;1;17;oranje;Groenten en peulvruchten
Koolrabi (gekookt);2;31;2 opscheplepels;100 gram;2;31;oranje;Groenten en peulvruchten
Krakeling;6,7;497;1 stuk;20 gram;1,3;99;oranje;Gebak en koek
Krenten (gedroogd);2;326;1 eetlepel;10 gram;0,2;33;oranje;Fruit
Kookroom;2,4;212;1 eetlepel;15 gram;0,4;32;oranje;Melkproducten- Room
Kroepoek naturel;3,5;516;1 schaaltje;25 gram;0,9;129;oranje;Noten, zaden en chips
Kumquat;0,9;52;1 stuk;10 gram;0,1;5;groen;Fruit
Lange vingers;7,2;402;1 stuk;5 gram;0,4;20;oranje;Gebak en koek
Likeur, room- (zoals Baileys);2,7;294;1 glaasje;35 gram;0,9;103;oranje;Dranken
Lychee;0,9;72;1 stuk;10 gram;0,1;7;groen;Fruit
M&M's chocolade met pinda's;9,8;511;1 zakje;45 gram;4,4;230;rood;Chocola
Mais, suiker- (gekookt);2,5;74;1 kolf;80 gram;2;59;oranje;Groenten en peulvruchten
Mais (blik/ glas);2,9;91;2 opscheplepels;100 gram;2,9;91;oranje;Groenten en peulvruchten
Maizena;0;353;1 eetlepel;10 gram;0;35;groen;Graanproducten, pappen en bindmiddelen
Mandarijn;0,7;46;1 stuk;55 gram;0,4;25;groen;Fruit
Mandarijnen op siroop;0,5;59;1 schaaltje;125 gram;0,6;74;groen;Fruit
Mango;0,6;66;1 halve;175 gram;1,1;116;groen;Fruit
Mangochutney;0,7;215;1 eetlepel;15 gram;0,1;32;groen;Vetten, oliën en hartige sauzen
Marsepein;5,3;420;1 stukje;25 gram;1,3;105;oranje;Snoep, suiker, zoete sauzen
Mayonaise;1,1;664;1 eetlepel;20 gram;0,2;133;oranje;Vetten, oliën en hartige sauzen
Meergranen brood (gem);12,3;261;1 snee;35 gram;4,3;91;rood;Brood en crackers
Melkchocolade;7;548;1 reep;40 gram;2,8;219;rood;Chocola
Melkchocolade met noten;7,7;562;1 reep;40 gram;3,1;225;rood;Chocola
Milky way;4;448;2 staafjes;45 gram;1,8;202;oranje;Chocola
Morellen;1;52;1 schaaltje;160 gram;1,6;83;groen;Fruit
Nectarine;1;36;1 stuk;90 gram;0,9;32;groen;Fruit
Nuts;4,6;497;1 stuk;50 gram;2,3;249;oranje;Chocola
Okra (rauw/ gekookt);1,9;22;100 gram;100 gram;1,9;22;oranje;Groenten en peulvruchten
Olie - alle soorten (gemiddeld);0,1;898;1 eetlepel;15 gram;0;135;groen;Vetten, oliën en hartige sauzen
Olijven (pot);0,9;113;10 stuks;20 gram;0,2;23;groen;Groenten en peulvruchten
Paksoi (rauw);1;14;100 gram;100 gram;1;14;oranje;Groenten en peulvruchten
Paksoi (gekookt);1,6;17;2 opscheplepels;100 gram;1,6;17;oranje;Groenten en peulvruchten
Papaja;0,5;39;1 schaaltje;150 gram;0,8;59;groen;Fruit
Paprika (gekookt);0,8;26;1 opscheplepel;50 gram;0,4;13;oranje;Groenten en peulvruchten
Paprika (rauw), schoon gewicht;0,8;24;1 stuk;80 gram;0,6;19;groen;Groenten en peulvruchten
Paprika, zoetzuur (pot);0,9;16;1 opscheplepel;50 gram;0,5;8;groen;Groenten en peulvruchten
Passievrucht;2,6;52;1 stuk;15 gram;0,4;8;groen;Fruit
Peer (gem, z. schil/pit);0,3;53;1 stuk;130 gram;0,4;69;groen;Fruit
Peren (gedroogd);2;287;10 stuks;30 gram;0,6;86;oranje;Fruit
Peren op siroop (blik/ glas);0,3;64;1 schaaltje;125 gram;0,4;80;groen;Fruit
Perensap;0,1;39;1 glas;150 gram;0,2;59;groen;Dranken
Peultjes (rauw);2;33;100 gram;100 gram;2;33;oranje;Groenten en peulvruchten
Peultjes (gekookt);2;33;2 opscheplepels;100 gram;2;33;oranje;Groenten en peulvruchten
Piccalilly;1,3;53;1 eetlepel;15 gram;0,2;8;oranje;Vetten, oliën en hartige sauzen
Pompoen (rauw);0,7;14;100 gram;100 gram;0,7;14;oranje;Groenten en peulvruchten
Pompoen (gekookt);0,6;14;2 opscheplepels;100 gram;0,6;14;oranje;Groenten en peulvruchten
Pomtajer (bereid);3,4;99;1 stuk;75 gram;2,6;74;oranje;Aardappelen en knolgewassen
Popcorn, gepoft (naturel);13;386;1 handje;10 gram;1,3;39;oranje;Noten, zaden en chips
Postelein (rauw);1;13;100 gram;100 gram;1;13;oranje;Groenten en peulvruchten
Prei (gekookt);1,1;22;2 opscheplepels;100 gram;1,1;22;oranje;Groenten en peulvruchten
Pruimen met schil;0,8;40;1 stuk;40 gram;0,3;16;groen;Fruit
Pruimen (gedroogd);2;220;5 stuks;30 gram;0,6;66;oranje;Fruit
Puddingbroodje;5,2;214;1 stuk;100 gram;5,2;214;rood;Gebak en koek
Puddingpoeder (div smaken);0;377;1 eetlepel;10 gram;0;38;groen;Graanproducten, pappen en bindmiddelen
Puddingpoeder (chocolade);1;370;1 eetlepel;10 gram;0,1;37;oranje;Graanproducten, pappen en bindmiddelen
Pure chocolade;6,5;531;1 reep;40 gram;2,6;212;rood;Chocola
Quornstukjes (onbereid);14;114;1 portie;80 gram;11,2;91;rood;Vegetarische producten
Raapstelen (rauw);2;17;100 gram;100 gram;2;17;oranje;Groenten en peulvruchten
Rabarber (rauw);1;23;100 gram;100 gram;1;23;groen;Groenten en peulvruchten
Radijs (rauw);1;22;1 stuk;8 gram;0,1;2;groen;Groenten en peulvruchten
Rijstwafel naturel m zout;7,8;392;1 stuk;7 gram;0,5;27;oranje;Brood en crackers
Rijstwafel naturel z zout;6,6;390;1 stuk;7 gram;0,5;27;oranje;Brood en crackers
Rode kool (rauw);2;27;100 gram;100 gram;2;27;oranje;Groenten en peulvruchten
Rode kool (gekookt);1,3;23;2 opscheplepels;100 gram;1,3;23;oranje;Groenten en peulvruchten
Rode kool met appel (dv);1,1;57;2 opscheplepels;100 gram;1,1;57;oranje;Groenten en peulvruchten
Roggemeel;10;328;1 eetlepel;10 gram;1;33;rood;Graanproducten, pappen en bindmiddelen
Roggevlokken (geplet);12;352;1 eetlepel;10 gram;1,2;35;rood;Graanproducten, pappen en bindmiddelen
Roomboter;0,7;737;1 eetlepel;15 gram;0,1;111;groen;Vetten, oliën en hartige sauzen
Sandwichspread (gemiddeld);1,6;235;1 voor 1 snee;15 gram;0,2;35;oranje;Broodbeleg, hartig
Santen (kokoscreme, vast);6;687;1 eetlepel;15 gram;0,9;103;rood;Vetten, oliën en hartige sauzen
Schorseneren (gekookt);1;84;2 opscheplepels;100 gram;1;84;oranje;Groenten en peulvruchten
Seitan;24,8;113;1 portie;80 gram;19,8;90;rood;Vegetarische producten
Schaschliksaus;0,8;109;1 eetlepel;20 gram;0,2;22;groen;Vetten, oliën en hartige sauzen
Sinaasappel;0,8;48;1 stuk;120 gram;1;58;groen;Fruit
Sinaasappelsap;0,6;44;1 glas;150 gram;0,9;66;groen;Dranken
Sla, krop- (rauw);1,4;13;1 schaaltje;35 gram;0,5;5;groen;Groenten en peulvruchten
Smeerleverworst;12,3;319;1 voor 1 snee;15 gram;1,8;48;rood;Vlees en vleeswaren
Snickers;8,7;484;1 stuk;50 gram;4,4;242;rood;Chocola
Snijbiet (gekookt);3;29;2 opscheplepels;100 gram;3;29;oranje;Groenten en peulvruchten
Snijbiet (rauw);3;29;100 gram;100 gram;3;29;oranje;Groenten en peulvruchten
Speculaas;5,2;475;1 stuk;10 gram;0,5;48;oranje;Gebak en koek
Thee, bereid;0;0;1 glas;150 gram;0;0;groen;Dranken
Vleeswaren, vet ;14,5;308;1 voor 1 snee;15 gram;2,2;46;rood;Vlees en vleeswaren
Vleeswaren (gemiddeld);16,2;236;1 voor 1 snee;15 gram;2,4;35;rood;Vlees en vleeswaren
Vleeswaren, mager;16,8;152;1 voor 1 snee;15 gram;2,5;23;rood;Vlees en vleeswaren
Jus (ongb) z juspoeder;0,3;340;1 sauslepel;25 gram;0,1;85;groen;Vetten, oliën en hartige sauzen
Spaanse peper (rauw);1,8;30;1 stuk;10 gram;0,2;3;groen;Kruiden en specerijen
Soepstengel;12,5;401;1 stuk;5 gram;0,6;20;oranje;Gebak en koek
Speculoospasta (Lotus);3,2;579;1 voor 1 snee;15 gram;0,5;87;oranje;Broodbeleg, zoet
Sopropo (rauw);1;15;100 gram;100 gram;1;15;oranje;Groenten en peulvruchten
Sopropo (gekookt);0,8;18;2 opscheplepels;100 gram;0,8;18;oranje;Groenten en peulvruchten
Spinazie (rauw);3,2;26;100 gram;100 gram;3,2;26;oranje;Groenten en peulvruchten
Spinazie (diepvries);2,3;24;2 opscheplepels;100 gram;2,3;24;oranje;Groenten en peulvruchten
Spinazie (gekookt);2,9;25;2 opscheplepels;100 gram;2,9;25;oranje;Groenten en peulvruchten
Spitskool (rauw);3;42;100 gram;100 gram;3;42;oranje;Groenten en peulvruchten
Spitskool (gekookt);1,1;21;2 opscheplepels;100 gram;1,1;21;oranje;Groenten en peulvruchten
Spruitjes (gekookt);2,3;47;2 opscheplepels;100 gram;2,3;47;oranje;Groenten en peulvruchten
Spruitjes (rauw);2,3;46;100 gram;100 gram;2,3;46;oranje;Groenten en peulvruchten
Appelstroop;1,8;280;1 voor 1 snee;15 gram;0,3;42;oranje;Broodbeleg, zoet
Suiker (alle soorten);0;398;1 eetlepel;15 gram;0;60;groen;Snoep, suiker, zoete sauzen
Suikermais (gekookt);2,5;74;2 opscheplepels;100 gram;2,5;74;oranje;Groenten en peulvruchten
Tajerblad (rauw);2;19;100 gram;100 gram;2;19;oranje;Groenten en peulvruchten
Tahoe;11,6;113;1 portie;80 gram;9,3;90;rood;Vegetarische producten
Tajerblad (bereid);4,6;38;2 opscheplepels;100 gram;4,6;38;oranje;Groenten en peulvruchten
Tartex veg pate (gem);7,5;226;1 voor 1 snee;15 gram;1,1;34;oranje;Broodbeleg, hartig
Bruinbrood, tarwe- ;9,8;236;1 snee;35 gram;3,4;83;rood;Brood en crackers
Tarwezemelen;17,4;286;1 eetlepel;5 gram;0,9;14;oranje;Graanproducten, pappen en bindmiddelen
Tempeh (bereid);12,2;150;1 portie;80 gram;9,8;120;rood;Vegetarische producten
Tomaat (rauw);0,7;20;1 stuk;70 gram;0,5;14;groen;Groenten en peulvruchten
Tomaat (gekookt);0,7;23;2 opscheplepels;100 gram;0,7;23;oranje;Groenten en peulvruchten
Tomaat in blik;1,1;24;2 opscheplepels;100 gram;1,1;24;oranje;Groenten en peulvruchten
Tomatenpuree geconc. (blik);4,5;87;1 eetlepel;10 gram;0,5;9;oranje;Vetten, oliën en hartige sauzen
Tomaten-groentensap;1;21;1 glas;150 gram;1,5;32;oranje;Dranken
Tomatenketchup;1;77;1 eetlepel;15 gram;0,2;12;oranje;Vetten, oliën en hartige sauzen
Tomatensaus k&k (pot);1,6;68;1 sauslepel;25 gram;0,4;17;oranje;Vetten, oliën en hartige sauzen
Tompouce;3,8;288;1 stuk;100 gram;3,8;288;oranje;Gebak en koek
Tursu, Tafelzuur (Turks);0,6;24;1 opscheplepel;50 gram;0,3;12;groen;Groenten en peulvruchten
Twix;4,5;495;2 staafjes;50 gram;2,3;248;oranje;Chocola
Venkel (gekookt);1;17;2 opscheplepels;100 gram;1;17;oranje;Groenten en peulvruchten
Venkel (rauw);1;17;100 gram;100 gram;1;17;oranje;Groenten en peulvruchten
Vinaigrette dressing;0,6;593;1 sauslepel;25 gram;0,2;148;groen;Vetten, oliën en hartige sauzen
Vruchten op eigen sap (pot);0,6;47;1 schaaltje;125 gram;0,8;59;groen;Fruit
Vruchten op siroop gem. (pot);0,4;67;1 schaaltje;125 gram;0,5;84;groen;Fruit
Vruchtensap (multi-);0,4;47;1 glas;150 gram;0,6;71;groen;Dranken
Vruchtensaus (dessert);0,3;189;1 sauslepel;25 gram;0,1;47;groen;Snoep, suiker, zoete sauzen
Volkorenbrood;11,1;234;1 snee;35 gram;3,9;82;rood;Brood en crackers
Watermeloen;0,5;36;1 schijf;150 gram;0,8;54;groen;Fruit
Witlof (gekookt);1,2;16;2 opscheplepels;100 gram;1,2;16;oranje;Groenten en peulvruchten
Witlof (rauw);1,3;19;1 schaaltje;35 gram;0,5;7;groen;Groenten en peulvruchten
Witte chocolade;6,4;552;1 reep;40 gram;2,6;221;rood;Chocola
Witte kool (gekookt);0,9;16;2 opscheplepels;100 gram;0,9;16;oranje;Groenten en peulvruchten
Witte kool (rauw);2;30;100 gram;100 gram;2;30;oranje;Groenten en peulvruchten
Worstenbroodje;11,8;382;1 stuk;100 gram;11,8;382;rood;Snacks
Wortelen (gekookt);0,7;32;2 opscheplepels;100 gram;0,7;32;oranje;Groenten en peulvruchten
Wortelsap;0,4;29;1 glas;150 gram;0,6;44;groen;Dranken
Yam (gekookt);1,7;144;1 stuk;100 gram;1,7;144;oranje;Aardappelen en knolgewassen
Zelfrijzend bakmeel;10,3;339;1 eetlepel;10 gram;1;34;rood;Graanproducten, pappen en bindmiddelen
Zuurkool (rauw);1,1;13;2 opscheplepels;100 gram;1,1;13;oranje;Groenten en peulvruchten
Zuurkool (gekookt);0,9;14;2 opscheplepels;100 gram;0,9;14;oranje;Groenten en peulvruchten
Zwitserse strooikaas;55;228;1 voor 1 snee;5 gram;2,8;11;rood;Kaas
Vis, mager (rauw);19,3;90;1 portie;100 gram;19,3;90;rood;Vis
Vis, vet (rauw);17,2;242;1 portie;100 gram;17,2;242;rood;Vis
Abrikozen met schil;0,9;44;1 stuk;30 gram;0,3;13;groen;Fruit
Ananas, vers;0,5;54;1 schijf;40 gram;0,2;22;groen;Fruit
Ananas op siroop/ sap;0,4;69;1 schaaltje;125 gram;0,5;86;groen;Fruit
Aubergine, gekookt;1;21;2 opscheplepels;100 gram;1;21;oranje;Groenten en peulvruchten
Aubergine, rauw;1;20;100 gram;100 gram;1;20;oranje;Groenten en peulvruchten
Bakbanaan (rijp, rauw);1,3;138;1 stuk;125 gram;1,6;173;oranje;Aardappelen en knolgewassen
Banaan;1,1;92;1 stuk;130 gram;1,4;120;groen;Fruit
Bonbon;5,5;512;1 stuk;15 gram;0,8;77;rood;Chocola
Broodje, meergranen (hard);12,9;294;1 stuk;50 gram;6,5;147;rood;Brood en crackers
Broodje, meergranen (zacht);13,4;283;1 stuk;50 gram;6,7;142;rood;Brood en crackers
Broodje, tarwe (hard/ zacht);11;268;1 stuk;50 gram;5,5;134;rood;Brood en crackers
Broodje, wit (hard);10;277;1 stuk;50 gram;5;139;rood;Brood en crackers
Broodje, wit (zacht);9,7;262;1 stuk;50 gram;4,9;131;rood;Brood en crackers
Citroen;0,8;36;1 stuk;70 gram;0,6;25;groen;Fruit
Donuts (ongevuld);6;358;1 stuk;50 gram;3;179;oranje;Gebak en koek
Ei, kippen- (gekookt/rauw);12,3;130;1 stuk;50 gram;6,2;65;rood;Eieren
Eiwit (wit van kippenei);10,5;44;1 stuk;35 gram;3,7;15;rood;Eieren
Eidooier (geel van kippenei);16,7;361;1 stuk;15 gram;2,5;54;rood;Eieren
Fruitbiscuit;5,5;392;1 stuk;10 gram;0,6;39;oranje;Gebak en koek
Kinderkoekje (gemiddeld);7,6;450;1 stuk;15 gram;1,1;68;oranje;Gebak en koek
Koffiebroodje;5,8;349;1 stuk;50 gram;2,9;175;oranje;Gebak en koek
Kokoskoek;6;518;1 stuk;35 gram;2,1;181;oranje;Gebak en koek
Kruidnagel;6;431;1 stuk;2 gram;0,1;9;groen;Kruiden en specerijen
Pitabroodje (wit);8,6;245;1 stuk;50 gram;4,3;123;rood;Brood en crackers
Scholiertje, koekje m. chocolade;6,3;493;1 stuk;15 gram;0,9;74;oranje;Gebak en koek
Vegetarische schijf;11;210;1 stuk;100 gram;11;210;rood;Vegetarische producten
Vegetarische worst;13,3;259;1 stuk;80 gram;10,6;207;rood;Vegetarische producten
Vegetarische schnitzel (onb);15,2;124;1 stuk;100 gram;15,2;124;rood;Vegetarische producten
Volkorenbiscuit;7,8;459;1 stuk;10 gram;0,8;46;oranje;Gebak en koek
Waterijs;0,2;75;1 stuk;55 gram;0,1;41;groen;Melkproducten- Ijs
Zoen, schuim-, choco-;2,2;382;1 stuk;21 gram;0,5;80;oranje;Gebak en koek
Turks Fruit (snoep);0;372;1 stuk;10 gram;0;37;groen;Snoep, suiker, zoete sauzen
Rozenbotteljam (Roosvicee);1,8;260;1 voor 1 snee;15 gram;0,3;39;oranje;Broodbeleg, zoet
Bosbessen op siroop;0,3;66;1 schaaltje;125 gram;0,4;83;groen;Fruit
Kiemen, tarwe-;31;393;1 eetlepel;6 gram;1,9;24;oranje;Graanproducten, pappen en bindmiddelen
Poffertjesmix;10;337;100 gram;100 gram;10;337;rood;Graanproducten, pappen en bindmiddelen
Sterkers/ Tuinkers (rauw);2;15;1 voor 1 snee;2 gram;0;0;groen;Groenten en peulvruchten
Broccoli (rauw);2,9;27;1 stukje;12 gram;0,3;3;oranje;Groenten en peulvruchten
Maismoutstroop;2,3;287;1 eetlepel;15 gram;0,3;43;oranje;Snoep, suiker, zoete sauzen
Gerstemoutstroop;4,4;283;1 eetlepel;15 gram;0,7;42;oranje;Snoep, suiker, zoete sauzen
1-kops soep, gemiddeld (bereid);1;40;1 kop;175 gram;1,8;70;oranje;Soepen
Satésaus (pakje) bereid;4,2;148;1 sauslepel;25 gram;1,1;37;oranje;Vetten, oliën en hartige sauzen
Stroop, keuken-, schenk-;0;308;1 voor 1 snee;15 gram;0;46;groen;Broodbeleg, zoet
Taugé (gekookt);1,8;17;1 opscheplepel;50 gram;0,9;9;oranje;Groenten en peulvruchten
Taugé (rauw);2,2;25;100 gram;100 gram;2,2;25;oranje;Groenten en peulvruchten
Zilveruien zoetzuur (pot);0,6;34;5 stuks;10 gram;0,1;3;groen;Groenten en peulvruchten
Ui (gekookt);1;35;2 opscheplepels;100 gram;1;35;oranje;Groenten en peulvruchten
Vegetarische balletjes;17,1;243;1 portie;80 gram;13,7;194;rood;Vegetarische producten
Tomatensap;0,8;16;1 glas;150 gram;1,2;24;oranje;Dranken
Ui (gebakken);1,3;58;2 opscheplepels;100 gram;1,3;58;oranje;Groenten en peulvruchten
Pepsels, zoute stokjes;11,9;382;10 stuks;10 gram;1,2;38;oranje;Noten, zaden en chips
Champignons (rauw);2,3;18;100 gram;100 gram;2,3;18;oranje;Groenten en peulvruchten
Indische Cake;4,3;313;1 plak;30 gram;1,3;94;oranje;Gebak en koek
Kipfilet, bereid;30,9;158;1 portie;80 gram;24,7;126;rood;Vlees en vleeswaren
Diksap;0,2;280;1 eetlepel;10 ml;0;28;groen;Dranken
Groene kool (gekookt);1,5;21;2 opscheplepels;100 gram;1,5;21;oranje;Groenten en peulvruchten
Groene kool (rauw);2,4;36;100 gram;100 gram;2,4;36;oranje;Groenten en peulvruchten
Snijbonen (gekookt);1,8;23;2 opscheplepels;100 gram;1,8;23;oranje;Groenten en peulvruchten
Tuinbonen (rauw);5;51;100 gram;100 gram;5;51;rood;Groenten en peulvruchten
Witte bonen in tomatensaus;5,7;101;2 opscheplepels;140 gram;8;141;rood;Groenten en peulvruchten
Bruine bonen (blik/glas);6,5;120;2 opscheplepels;120 gram;7,8;144;rood;Groenten en peulvruchten
Kousenband (gekookt);2,7;29;2 opscheplepels;100 gram;2,7;29;oranje;Groenten en peulvruchten
Kousenband (rauw);3;43;100 gram;100 gram;3;43;oranje;Groenten en peulvruchten
Bruine bonen (gekookt);6,1;108;2 opscheplepels;120 gram;7,3;130;rood;Groenten en peulvruchten
Sojabonen (gekookt);21,5;251;2 opscheplepels;100 gram;21,5;251;rood;Groenten en peulvruchten
Witte bonen (gekookt);7,8;113;2 opscheplepels;120 gram;9,4;136;rood;Groenten en peulvruchten
Sperziebonen (gekookt);1,8;25;2 opscheplepels;100 gram;1,8;25;oranje;Groenten en peulvruchten
Sperziebonen (rauw);2,3;25;100 gram;100 gram;2,3;25;oranje;Groenten en peulvruchten
Snijbonen (rauw);1,9;22;100 gram;100 gram;1,9;22;oranje;Groenten en peulvruchten
Bami goreng, z. ei;6,6;168;2 opscheplepels;120 gram;7,9;202;rood;Samengestelde gerechten
Nasi goreng met ei;6,5;129;2 opscheplepels;100 gram;6,5;129;rood;Samengestelde gerechten
Nasibal, nasischijf (DV);5,8;298;1 stuk;85 gram;4,9;253;rood;Snacks
Mueslikoek;6,5;394;1 stuk;35 gram;2,3;138;oranje;Gebak en koek
Graanreep (Hero B'tween);6,9;444;1 stuk;25 gram;1,7;111;oranje;Gebak en koek
Vruchtendrank met zuivel;0,1;32;1 glas;200 ml;0,2;64;groen;Dranken
Yoghurtdressing;1,2;258;1 sauslepel;25 gram;0,3;65;oranje;Vetten, oliën en hartige sauzen
Broodje bapao vlees;8,9;245;1 stuk;120 gram;10,7;294;rood;Snacks
Pesto (groen);10,2;434;1 eetlepel;15 gram;1,5;65;rood;Vetten, oliën en hartige sauzen
Pesto (rood);5;368;1 eetlepel;15 gram;0,8;55;rood;Vetten, oliën en hartige sauzen
Huzarensalade;2,1;149;1 bolletje;50 gram;1,1;75;oranje;Salades
Selderijsalade;1;206;1 eetlepel;20 gram;0,2;41;oranje;Salades
Eiersalade;7,3;255;1 eetlepel;20 gram;1,5;51;oranje;Salades
Komkommersalade;0,8;238;1 eetlepel;20 gram;0,2;48;groen;Salades
Muisjes (roze/blauwe/gestampte);2;402;1 voor 1 snee;15 gram;0,3;60;oranje;Broodbeleg, zoet
Vruchtenhagelslag;0,1;393;1 voor 1 snee;15 gram;0;59;groen;Broodbeleg, zoet
Artisjokharten (blik/pot);2,1;27;100 gram;100 gram;2,1;27;oranje;Groenten en peulvruchten
Meloen, suiker-/ cantaloupe-;0,9;30;1 schijf;120 gram;1;36;groen;Fruit
Jam (alle soorten);0,3;248;1 voor 1 snee;15 gram;0;37;groen;Broodbeleg, zoet
Schuimpje;2,1;366;2 stuks;10 gram;0,2;37;oranje;Snoep, suiker, zoete sauzen
Sorbetijs;0,2;126;1 bolletje;50 gram;0,1;63;groen;Melkproducten- Ijs
Walnoten;15,9;706;1 handje;25 gram;4;177;rood;Noten, zaden en chips
Pistachenoten;23,8;592;1 handje;25 gram;6;148;rood;Noten, zaden en chips
Paranoten;14,3;687;1 handje;25 gram;3,6;172;rood;Noten, zaden en chips
Hazelnoten;16,4;670;1 handje;25 gram;4,1;168;rood;Noten, zaden en chips
Gemengde noten;21,4;640;1 handje;25 gram;5,4;160;rood;Noten, zaden en chips
Cashewnoten;21,2;615;1 handje;25 gram;5,3;154;rood;Noten, zaden en chips
Borrelnoten;13,2;532;1 handje;25 gram;3,3;133;rood;Noten, zaden en chips
Amandelen zonder vliesje;21,7;631;1 handje;25 gram;5,4;158;rood;Noten, zaden en chips
Pinda's (gemiddeld);25;623;1 eetlepel;20 gram;5;125;rood;Noten, zaden en chips
Pinda's (dry roasted);24;577;1 handje;25 gram;6;144;rood;Noten, zaden en chips
Tapenade van olijven;1,8;324;1 eetlepel;15 gram;0,3;49;oranje;Broodbeleg, hartig
Tapenade van tomaten;3,1;291;1 eetlepel;15 gram;0,5;44;oranje;Broodbeleg, hartig
Aioli;1,5;726;1 eetlepel;15 gram;0,2;109;oranje;Vetten, oliën en hartige sauzen
Kiwi (gem);1;63;1 stuk;75 gram;0,8;47;groen;Fruit
Guacamole;1,7;153;1 sauslepel;25 gram;0,4;38;oranje;Vetten, oliën en hartige sauzen
Tzatziki;4;156;1 sauslepel;25 gram;1;39;oranje;Vetten, oliën en hartige sauzen
Oestersaus;1,5;105;1 eetlepel;15 gram;0,2;16;oranje;Vetten, oliën en hartige sauzen
Linzen groen/ bruin (gekookt);8,8;99;2 opscheplepels;100 gram;8,8;99;rood;Groenten en peulvruchten
Peulvruchtensoep z vlees m groente;3,3;58;1 kop;250 gram;8,3;145;rood;Soepen
Erwtensoep met vlees;4,9;99;1 kop;250 gram;12,3;248;rood;Soepen
Kapucijners (blik/glas);7,1;108;2 opscheplepels;100 gram;7,1;108;rood;Groenten en peulvruchten
Kapucijners jonge (blik/glas);5,7;93;2 opscheplepels;100 gram;5,7;93;rood;Groenten en peulvruchten
Vleessalade (borrel);5;286;1 eetlepel;20 gram;1;57;rood;Salades
Postelein (gekookt);1;13;2 opscheplepels;100 gram;1;13;oranje;Groenten en peulvruchten
Raapstelen (gekookt);2;17;2 opscheplepels;100 gram;2;17;oranje;Groenten en peulvruchten
Sla, krop- (gekookt);2;22;2 opscheplepels;100 gram;2;22;oranje;Groenten en peulvruchten
Ui (rauw);1,3;37;1 stuk;100 gram;1,3;37;groen;Groenten en peulvruchten
Veldsla (rauw);2,6;18;1 schaaltje;35 gram;0,9;6;groen;Groenten en peulvruchten
Kwark, halfvolle;7,5;77;1 schaaltje;150 gram;11,3;116;rood;Melkproducten- Nagerechten
Toffee;0,6;401;2 stuks;10 gram;0,1;40;groen;Snoep, suiker, zoete sauzen
Tjap tjoi zonder rijst;3,9;61;2 opscheplepels;100 gram;3,9;61;rood;Samengestelde gerechten
Spekkie;4,1;334;2 stuks;10 gram;0,4;33;oranje;Snoep, suiker, zoete sauzen
Pannenkoekenmeel;10,6;322;100 gram;100 gram;10,6;322;rood;Graanproducten, pappen en bindmiddelen
Koolraap (rauw);0,7;30;100 gram;100 gram;0,7;30;oranje;Groenten en peulvruchten
Prei (rauw);1,5;28;100 gram;100 gram;1,5;28;oranje;Groenten en peulvruchten
Winegum/ Fruitgum;5;319;2 stuks;10 gram;0,5;32;oranje;Snoep, suiker, zoete sauzen
Groentensoep, helder m vermicelli;0,7;17;1 kop;250 gram;1,8;43;oranje;Soepen
Courgette (rauw);1,3;18;100 gram;100 gram;1,3;18;oranje;Groenten en peulvruchten
Rookkaas;21,2;331;1 voor 1 snee;20 gram;4,2;66;rood;Kaas
IJsbergsla (rauw);1;14;1 schaaltje;35 gram;0,4;5;groen;Groenten en peulvruchten
Stamppot wortel/ui- z vlees;1,1;63;2 opscheplepels;100 gram;1,1;63;oranje;Samengestelde gerechten
Kipnuggets (gefrituurd);17,5;277;2 stuks;40 gram;7;111;rood;Snacks
Kaaskoekje (gemiddeld);13,3;495;1 stuk;10 gram;1,3;50;oranje;Noten, zaden en chips
Vla, overige smaken (vol);2,1;87;1 schaaltje;150 ml;3,2;131;oranje;Melkproducten- Nagerechten
Groenten, gekookt (gem.);1,8;30;2 opscheplepels;100 gram;1,8;30;oranje;Groenten en peulvruchten
Satésaus bereid;8,7;247;1 sauslepel;25 gram;2,2;62;rood;Vetten, oliën en hartige sauzen
Mozzarella;18,7;253;1 bolletje;125 gram;23,4;316;rood;Kaas
Frites (patat) ;3,1;263;1 bakje;175 gram;5,4;460;rood;Snacks
Frites (patat);3,1;263;2 opscheplepels;100 gram;3,1;263;oranje;Aardappelen en knolgewassen
Drinkontbijt (Goede Morgen);3,4;55;1 portie;250 gram;8,5;138;rood;Graanproducten, pappen en bindmiddelen
Sla (gemiddeld) rauw;1,4;15;1 schaaltje;35 gram;0,5;5;groen;Groenten en peulvruchten
Toffee met chocolade;1,8;427;2 stuks;10 gram;0,2;43;oranje;Snoep, suiker, zoete sauzen
Zuivelspread light (nat/ kruid);8,1;175;1 voor 1 snee;15 gram;1,2;26;oranje;Broodbeleg, hartig
Wortelen (rauw);0,7;33;1 schaaltje;70 gram;0,5;23;groen;Groenten en peulvruchten
Sla, rucola- (rauw);3,6;22;1 schaaltje;35 gram;1,3;8;groen;Groenten en peulvruchten
Kaassoufflé (onbereid);8,1;304;1 stuk;100 gram;8,1;304;rood;Snacks
Kikkererwten (blik/glas);7,9;117;2 opscheplepels;100 gram;7,9;117;rood;Groenten en peulvruchten
Kikkerwten, geroosterd leblebi;21,3;400;1 handje;20 gram;4,3;80;rood;Noten, zaden en chips
Krentjebrij (Bessola);0,5;73;1 schaaltje;150 gram;0,8;110;oranje;Melkproducten- Nagerechten
Juspoeder;10,8;342;1 eetlepel;10 gram;1,1;34;oranje;Kruiden en specerijen
Pannenkoek (ber m margarine);8,3;203;1 stuk;70 gram;5,8;142;rood;Samengestelde gerechten
Wrap, tortilla-;9,5;325;1 stuk;62 gram;5,9;202;rood;Graanproducten, pappen en bindmiddelen
Frikandel (onbereid);13,1;235;1 stuk;80 gram;10,5;188;rood;Snacks
Vetspek, vers (onb);5;678;100 gram;100 gram;5;678;rood;Vlees en vleeswaren
Cake;5,7;399;1 plak;30 gram;1,7;120;oranje;Gebak en koek
Danoontje, klein;6,4;96;1 bakje;50 gram;3,2;48;oranje;Melkproducten- Nagerechten
Hartige taart van bladerdeeg z vlees;8,5;243;1 punt;100 gram;8,5;243;rood;Samengestelde gerechten
Pizza hawaii (dv);8,5;221;1 stuk;350 gram;29,8;774;rood;Samengestelde gerechten
Pizza m salami (dv);9,9;259;1 stuk;350 gram;34,7;907;rood;Samengestelde gerechten
Pizza m vlees (dv);9,2;228;1 stuk;350 gram;32,2;798;rood;Samengestelde gerechten
Pizza m vis (dv);9,6;225;1 stuk;350 gram;33,6;788;rood;Samengestelde gerechten
Turkse Pizza z toevoegingen;7,6;204;100 gram;100 gram;7,6;204;rood;Samengestelde gerechten
Roomboterkoekje (gem.);5;459;1 stuk;15 gram;0,8;69;oranje;Gebak en koek
Koffie;0,1;1;1 kop;125 ml;0,1;1;groen;Dranken
Yoghonaise;0,9;281;1 eetlepel;20 gram;0,2;56;groen;Vetten, oliën en hartige sauzen
IJsthee;0;18;1 glas;200 gram;0;36;groen;Dranken
Varkenssaté met saus;11,9;158;1 stokje;50 gram;6;79;rood;Vlees en vleeswaren
Sprits;4,9;489;1 stuk;20 gram;1;98;oranje;Gebak en koek
Yoghurt, Turkse 10% vet;3,5;119;1 schaaltje;150 gram;5,3;179;rood;Melkproducten- Nagerechten
Oliebol ongevuld;6,6;241;1 stuk;65 gram;4,3;157;oranje;Gebak en koek
Aardappelpuree m hv melk bereid;2,3;96;2 opscheplepels;100 gram;2,3;96;oranje;Aardappelen en knolgewassen
Asperges wit (blik/ glas);1,4;17;2 stuks dun;26 gram;0,4;4;oranje;Groenten en peulvruchten
Asperges wit, rauw/ gekookt;1;18;2 stuks dik;68 gram;0,7;12;oranje;Groenten en peulvruchten
Appelflap;3,5;360;1 stuk;100 gram;3,5;360;oranje;Gebak en koek
Asperges, groene (rauw);3;28;100 gram;100 gram;3;28;oranje;Groenten en peulvruchten
Rijst, witte (rauw);7;352;100 gram;100 gram;7;352;rood;Graanproducten, pappen en bindmiddelen
Aardappelen, gekookt;1,9;74;2 kleine;100 gram;1,9;74;oranje;Aardappelen en knolgewassen
Rabarbermoes m suiker;0,5;82;2 opscheplepels;100 gram;0,5;82;oranje;Groenten en peulvruchten
Rammenas (rauw);2;30;1 eetlepel;15 gram;0,3;5;groen;Groenten en peulvruchten
Roerbakgroenten, gem (rauw);1,5;29;100 gram;100 gram;1,5;29;oranje;Groenten en peulvruchten
Vijgen (vers);1;84;1 stuk;50 gram;0,5;42;groen;Fruit
Kappertjes;2,4;43;1 theelepel;5 gram;0,1;2;groen;Kruiden en specerijen
Drop (Topdrop);4,7;337;2 stuks;10 gram;0,5;34;oranje;Snoep, suiker, zoete sauzen
Snoepmix;5,8;328;2 stuks;10 gram;0,6;33;oranje;Snoep, suiker, zoete sauzen
Pasteibakje m roomboter;8,9;570;1 stuk;25 gram;2,2;143;oranje;Snacks
Bamigroenten (Rauw);1,8;27;100 gram;100 gram;1,8;27;oranje;Groenten en peulvruchten
Roerbakgroenten, gem (gek);1,2;25;2 opscheplepels;100 gram;1,2;25;oranje;Groenten en peulvruchten
Ratatouille (bereid z vlees);1,1;56;2 opscheplepels;100 gram;1,1;56;oranje;Groenten en peulvruchten
Lasagne m saus en vlees;8,9;162;1 stukje;50 gram;4,5;81;rood;Samengestelde gerechten
Meloen, gemiddeld;0,7;33;1 schijf;120 gram;0,8;40;groen;Fruit
Kwark, volle;7,5;118;1 schaaltje;150 gram;11,3;177;rood;Melkproducten- Nagerechten
Vruchtenkwark, halfvolle;5,9;109;1 schaaltje;150 gram;8,9;164;rood;Melkproducten- Nagerechten
Kwark, magere;8,4;51;1 schaaltje;150 gram;12,6;77;rood;Melkproducten- Nagerechten
Stoofperen (bereid) m kookvocht;0,2;58;2 opscheplepels;100 gram;0,2;58;groen;Groenten en peulvruchten
Sojadessert (Alpro);3,1;85;1 schaaltje;150 ml;4,7;128;oranje;Melkproducten- Nagerechten
Sojayoghurt nature (Alpro);4;47;1 schaaltje;150 gram;6;71;rood;Melkproducten- Nagerechten
Miso (sojapasta);11,7;130;1 eetlepel;15 gram;1,8;20;rood;Vetten, oliën en hartige sauzen
Tuttifrutti (gedroogd);2,8;259;1 handje;25 gram;0,7;65;oranje;Fruit
Augurken (gem);1;17;1 stuk;22 gram;0,2;4;groen;Groenten en peulvruchten
Vanillevla (vol);2,3;86;1 schaaltje;150 ml;3,5;129;oranje;Melkproducten- Nagerechten
Smeerkaas, volvet 48+;13,4;260;1 voor 1 snee;15 gram;2;39;rood;Kaas
Halvarine (dieet-);0,1;60;1 voor 1 snee;5 gram;0;3;groen;Vetten, oliën en hartige sauzen
Rijst, witte (gekookt);3,2;146;2 opscheplepels;100 gram;3,2;146;oranje;Graanproducten, pappen en bindmiddelen
Rijst, zilvervlies (rauw);8,3;357;100 gram;100 gram;8,3;357;rood;Graanproducten, pappen en bindmiddelen
Rijst, zilvervlies (gekookt);3,1;131;2 opscheplepels;100 gram;3,1;131;oranje;Graanproducten, pappen en bindmiddelen
Soep, gebonden m vlees;4,9;64;1 kop;250 gram;12,3;160;rood;Soepen
Kaassaus;5,5;126;1 opscheplepel;25 gram;1,4;32;rood;Vetten, oliën en hartige sauzen
Yakult;1,3;66;1 flesje;65 gram;0,8;43;oranje;Melk/yoghurtdrank
Dubbeldrank ;0,2;45;1 glas;150 gram;0,3;68;groen;Dranken
Chocoladevla (vol);2,4;88;1 schaaltje;150 ml;3,6;132;oranje;Melkproducten- Nagerechten
Spinazie à la crème (DV, gek);2,9;44;2 opscheplepels;100 gram;2,9;44;oranje;Groenten en peulvruchten
Vanilleyoghurt (halfvol);2,9;72;1 schaaltje;150 gram;4,4;108;oranje;Melkproducten- Nagerechten
Vla magere m zoetstof;3,4;47;1 schaaltje;150 ml;5,1;71;rood;Melkproducten- Nagerechten
Crème fraiche;2,6;293;1 eetlepel;15 gram;0,4;44;oranje;Melkproducten- Room
Crème fraiche (halfvol);3,1;165;1 eetlepel;15 gram;0,5;25;oranje;Melkproducten- Room
Spekkoek;5,3;421;1 punt;50 gram;2,7;211;oranje;Gebak en koek
Slagroomsoes;4,1;283;1 stuk;45 gram;1,8;127;oranje;Gebak en koek
Hartige taart van brooddeeg z vlees;7,9;157;1 punt;100 gram;7,9;157;rood;Samengestelde gerechten
Brooddeeg v pizza/ hartige taart;5,7;226;100 gram;100 gram;5,7;226;rood;Graanproducten, pappen en bindmiddelen
Pizza m kaas en groenten (dv);9,3;232;1 stuk;350 gram;32,6;812;rood;Samengestelde gerechten
Rijstevlaai;4,5;211;1 punt;85 gram;3,8;179;oranje;Gebak en koek
Latte macchiato (m. melk);2,5;46;1 glas;200 ml;5;92;rood;Dranken
Koffiemelk (mager);9,9;57;1 cupje;8 gram;0,8;5;oranje;Melkproducten- Koffiemelk
Vruchtenyoghurt (vol);3,7;97;1 schaaltje;150 gram;5,6;146;rood;Melkproducten- Nagerechten
Magere yoghurt;4,1;37;1 schaaltje;150 ml;6,2;56;rood;Melkproducten- Nagerechten
Yoghurtdrank, Fristi;1,8;24;1 pakje;200 ml;3,6;48;oranje;Melk/yoghurtdrank
Halfvolle yoghurt;4,2;50;1 schaaltje;150 gram;6,3;75;rood;Melkproducten- Nagerechten
Boterkoek;4,7;452;1 stukje;25 gram;1,2;113;oranje;Gebak en koek
Tarwebloem (Patent);10,4;335;1 eetlepel;10 gram;1;34;rood;Graanproducten, pappen en bindmiddelen
Vissticks (onbereid);13;194;1 stuk;30 gram;3,9;58;rood;Vis
Bokkenpootje;5,5;454;1 stuk;15 gram;0,8;68;oranje;Gebak en koek
Andijvie (rauw);1,5;16;1 schaaltje;35 gram;0,5;6;groen;Groenten en peulvruchten
Kaas witte 45+ (Feta);17,1;247;1 portie;20 gram;3,4;49;rood;Kaas
Koekje, gemiddeld;6,1;474;1 stuk;15 gram;0,9;71;oranje;Gebak en koek
Pepernoten/ kruidnoten;5,8;442;10 stuks;20 gram;1,2;88;oranje;Gebak en koek
Bulgur, gekookt;3,1;80;2 opscheplepels;100 gram;3,1;80;oranje;Graanproducten, pappen en bindmiddelen
Gnocchi (gekookt);3,5;155;2 opscheplepels;100 gram;3,5;155;oranje;Graanproducten, pappen en bindmiddelen
Zeekraal (rauw);0,7;14;100 gram;100 gram;0,7;14;groen;Groenten en peulvruchten
Crème au beurre;0,6;567;1 eetlepel;15 gram;0,1;85;groen;Vetten, oliën en hartige sauzen
Meringue, eiwitschuimsnoep;0,5;382;2 stuks;10 gram;0,1;38;groen;Snoep, suiker, zoete sauzen
Chocolademousse (lees verpakking);5,3;189;1 bakje;70 gram;3,7;132;oranje;Melkproducten- Nagerechten
Vruchtenyoghurt (mager);3;67;1 schaaltje;150 gram;4,5;101;oranje;Melkproducten- Nagerechten
Dadels (gedroogd);2;315;2 stuks;12 gram;0,2;38;oranje;Fruit
Dadels (vers, zonder pit);1,5;139;2 stuks;36 gram;0,5;50;groen;Fruit
Vijgen (gedroogd);3,3;259;2 stuks;30 gram;1;78;oranje;Fruit
Klaroen, rauw;4;56;100 gram;100 gram;4;56;oranje;Groenten en peulvruchten
Rode biet (gekookt);1,2;30;2 opscheplepels;100 gram;1,2;30;oranje;Groenten en peulvruchten
Klopklop slagschuim (bereid);4;216;1 eetlepel;10 gram;0,4;22;oranje;Melkproducten- Room
Pecannoten;9,2;721;1 handje;25 gram;2,3;180;rood;Noten, zaden en chips
Macadamia noten;7,8;753;1 handje;25 gram;2;188;rood;Noten, zaden en chips
Studentenhaver;11;496;1 handje;25 gram;2,8;124;rood;Noten, zaden en chips
Drop (gemiddeld);8,8;394;2 stuks;10 gram;0,9;39;oranje;Snoep, suiker, zoete sauzen
Suiker (klontje, theelepel);0;400;1 klontje;4 gram;0;16;groen;Snoep, suiker, zoete sauzen
Balsamico azijn;0,7;123;1 eetlepel;15 gram;0,1;18;groen;Vetten, oliën en hartige sauzen
Water;0;0;1 glas;150 gram;0;0;groen;Dranken
